"F_LEAN_TIP","TEVEKENYSEG","F_OKA","MEDIAN","TEV_DB","KEZELT_DB","BAZIS","SULY"
"IL","Flotta számviteli bizonylat","Normál",0.916666666666667,13,5,4.46666666666667,0.205223880597015
"IL","Flotta számviteli bizonylat","Ébredés",0.683333333333333,3,2,4.46666666666667,0.152985074626866
"IL","Flotta ügyintézés","Gyerektev. Zárult",0.316666666666667,45,34,4.46666666666667,0.0708955223880597
"IL","Flotta ügyintézés","KIVKEZ",1.625,6,2,4.46666666666667,0.363805970149254
"IL","Flotta ügyintézés","Kapcsolódó",4.25,153,106,4.46666666666667,0.951492537313433
"IL","Flotta ügyintézés","Kritikus",3.93333333333333,7,6,4.46666666666667,0.880597014925373
"IL","Flotta ügyintézés","Normál",5.19166666666667,2542,1854,4.46666666666667,1.16231343283582
"IL","Flotta ügyintézés","Reponálás",5.56666666666667,12,11,4.46666666666667,1.24626865671642
"IL","Flotta ügyintézés","Szakmai guru",5.68333333333333,2,1,4.46666666666667,1.27238805970149
"IL","Flotta ügyintézés","Ébredés",1.38333333333333,705,356,4.46666666666667,0.309701492537313
"IL","Flotta ügyintézés","Egyéb",2.41666666666667,526,524,4.46666666666667,0.541044776119403
"IL","Folyamatellenõrzés ajánlat nem élet","Kritikus",1.26666666666667,242,240,4.46666666666667,0.283582089552239
"IL","Folyamatellenõrzés ajánlat nem élet","Normál",1.33333333333333,175,175,4.46666666666667,0.298507462686567
"IL","Folyamatellenõrzés ajánlat nem élet","Egyéb",1.00833333333333,14,14,4.46666666666667,0.225746268656716
"IL","Folyamatellenõrzés ajánlat élet","Kritikus",2.24166666666667,86,86,4.46666666666667,0.501865671641791
"IL","Folyamatellenõrzés ajánlat élet","Normál",2.45833333333333,28,28,4.46666666666667,0.550373134328358
"IL","Folyamatellenõrzés ajánlat élet","Egyéb",0.133333333333333,57,55,4.46666666666667,0.0298507462686567
"IL","Folyamatellenõrzés logisztika","Egyéb",0.458333333333333,2,2,4.46666666666667,0.102611940298507
"IL","Folyamatellenõrzés partner","Normál",4.7,41,40,4.46666666666667,1.05223880597015
"IL","Folyamatellenõrzés pénzügy","Kritikus",0.9,351,351,4.46666666666667,0.201492537313433
"IL","Folyamatellenõrzés pénzügy","Normál",0.483333333333333,1,1,4.46666666666667,0.108208955223881
"IL","Folyamatellenõrzés specialista","Kritikus",2.31666666666667,1232,1228,4.46666666666667,0.51865671641791
"IL","Folyamatellenõrzés specialista","Normál",1.81666666666667,1192,1191,4.46666666666667,0.406716417910448
"IL","Folyamatellenõrzés specialista","Egyéb",7.15,23,16,4.46666666666667,1.60074626865672
"IL","FuFi foglaló","Gyerektev. Zárult",6.89166666666667,2,2,4.46666666666667,1.54291044776119
"IL","FuFi foglaló","Kapcsolódó",6.08333333333333,5,4,4.46666666666667,1.36194029850746
"IL","FuFi foglaló","Kritikus",1.23333333333333,1,1,4.46666666666667,0.276119402985075
"IL","FuFi foglaló","Normál",3.925,190,183,4.46666666666667,0.878731343283582
"IL","FuFi foglaló","Ébredés",2.96666666666667,38,23,4.46666666666667,0.664179104477612
"IL","FuFi függõ","Gyerektev. Zárult",1.88333333333333,57,41,4.46666666666667,0.421641791044776
"IL","FuFi függõ","Kapcsolódó",1.41666666666667,19,16,4.46666666666667,0.317164179104478
"IL","FuFi függõ","Kritikus",2.16666666666667,527,474,4.46666666666667,0.485074626865672
"IL","FuFi függõ","Normál",2.68333333333333,4166,4105,4.46666666666667,0.600746268656716
"IL","FuFi függõ","Ébredés",2.18333333333333,933,498,4.46666666666667,0.488805970149254
"IL","FuFi függõ","Egyéb",0.2,22,22,4.46666666666667,0.0447761194029851
"IL","Függõ 10-28-as állapot","Gyerektev. Zárult",1.725,2,1,4.46666666666667,0.386194029850746
"IL","Függõ 10-28-as állapot","Normál",1.41666666666667,498,494,4.46666666666667,0.317164179104478
"IL","Függõ 10-28-as állapot","Ébredés",1.15833333333333,10,7,4.46666666666667,0.259328358208955
"IL","Függõ 61-es állapot","Gyerektev. Zárult",4.93333333333333,1,1,4.46666666666667,1.1044776119403
"IL","Függõ 61-es állapot","Normál",0.65,3479,3478,4.46666666666667,0.145522388059701
"IL","Függõ 61-es állapot","Ébredés",0.433333333333333,34,30,4.46666666666667,0.0970149253731343
"IL","Függõ 63-as állapot EGYÉB","Gyerektev. Zárult",0.683333333333333,86,49,4.46666666666667,0.152985074626866
"IL","Függõ 63-as állapot EGYÉB","Kapcsolódó",1,1,1,4.46666666666667,0.223880597014925
"IL","Függõ 63-as állapot EGYÉB","Kritikus",1.15,31,15,4.46666666666667,0.257462686567164
"IL","Függõ 63-as állapot EGYÉB","Normál",1.3,2096,2084,4.46666666666667,0.291044776119403
"IL","Függõ 63-as állapot EGYÉB","Ébredés",0.816666666666667,187,104,4.46666666666667,0.182835820895522
"IL","Függõ 63-as állapot KGFB","Gyerektev. Zárult",0.575,228,141,4.46666666666667,0.128731343283582
"IL","Függõ 63-as állapot KGFB","Kapcsolódó",0.65,3,3,4.46666666666667,0.145522388059701
"IL","Függõ 63-as állapot KGFB","Kritikus",1.08333333333333,67,32,4.46666666666667,0.242537313432836
"IL","Függõ 63-as állapot KGFB","Normál",1.4,3851,3816,4.46666666666667,0.313432835820895
"IL","Függõ 63-as állapot KGFB","Ébredés",0.75,528,305,4.46666666666667,0.167910447761194
"IL","Függõ 66-os állapot","Gyerektev. Zárult",1.1,8,3,4.46666666666667,0.246268656716418
"IL","Függõ 66-os állapot","Kritikus",0.283333333333333,3,2,4.46666666666667,0.0634328358208955
"IL","Függõ 66-os állapot","Normál",1.75,2275,2272,4.46666666666667,0.391791044776119
"IL","Függõ 66-os állapot","Ébredés",1.9,16,8,4.46666666666667,0.425373134328358
"IL","Függõ 66-os állapot","Egyéb",0.316666666666667,1,1,4.46666666666667,0.0708955223880597
"IL","Függõ 70-es állapot lakás","Gyerektev. Zárult",1.6,1,1,4.46666666666667,0.358208955223881
"IL","Függõ 70-es állapot lakás","Kapcsolódó",4.9,1,1,4.46666666666667,1.09701492537313
"IL","Függõ 70-es állapot lakás","Normál",1.48333333333333,854,854,4.46666666666667,0.332089552238806
"IL","Függõ 70-es állapot lakás","Ébredés",1.51666666666667,3,2,4.46666666666667,0.33955223880597
"IL","Függõ egyéb","Gyerektev. Zárult",0.933333333333333,10,7,4.46666666666667,0.208955223880597
"IL","Függõ egyéb","Kapcsolódó",2.79166666666667,6,6,4.46666666666667,0.625
"IL","Függõ egyéb","Kritikus",1.63333333333333,23,11,4.46666666666667,0.365671641791045
"IL","Függõ egyéb","Normál",2.2,4852,4830,4.46666666666667,0.492537313432836
"IL","Függõ egyéb","Ébredés",2.1,134,68,4.46666666666667,0.470149253731343
"IL","Függõ egyéb","Egyéb",0.241666666666667,2,1,4.46666666666667,0.0541044776119403
"IL","Függõ ÁB-t nem illetõ díj 67 74","Gyerektev. Zárult",0.508333333333333,2,1,4.46666666666667,0.113805970149254
"IL","Függõ ÁB-t nem illetõ díj 67 74","Kritikus",0.716666666666667,2,1,4.46666666666667,0.16044776119403
"IL","Függõ ÁB-t nem illetõ díj 67 74","Normál",0.65,2004,2002,4.46666666666667,0.145522388059701
"IL","Függõ ÁB-t nem illetõ díj 67 74","Ébredés",0.9,13,4,4.46666666666667,0.201492537313433
"IL","Függõ ÁB-t nem illetõ díj egyéb","Normál",1.26666666666667,721,721,4.46666666666667,0.283582089552239
"IL","Függõ ÁB-t nem illetõ díj egyéb","Ébredés",2.58333333333333,1,1,4.46666666666667,0.578358208955224
"IL","Függõ üres","Gyerektev. Zárult",2.7,29,23,4.46666666666667,0.604477611940298
"IL","Függõ üres","Kapcsolódó",3.71666666666667,52,39,4.46666666666667,0.832089552238806
"IL","Függõ üres","Kritikus",1.00833333333333,14,8,4.46666666666667,0.225746268656716
"IL","Függõ üres","Normál",2.88333333333333,1387,1367,4.46666666666667,0.645522388059702
"IL","Függõ üres","Ébredés",1.86666666666667,366,144,4.46666666666667,0.417910447761194
"IL","Hatósági megkeresés","Kapcsolódó",3.34166666666667,2,2,4.46666666666667,0.748134328358209
"IL","Hatósági megkeresés","Normál",3.4,69,53,4.46666666666667,0.761194029850746
"IL","Hatósági megkeresés","Ébredés",1.76666666666667,37,23,4.46666666666667,0.395522388059701
"IL","Hatósági megkeresés","Egyéb",1.70833333333333,18,16,4.46666666666667,0.382462686567164
"IL","Igazolás","KIVKEZ",3.48333333333333,1,1,4.46666666666667,0.779850746268657
"IL","Igazolás","Kritikus",5.81666666666667,15,13,4.46666666666667,1.30223880597015
"IL","Igazolás","Normál",2.28333333333333,115,84,4.46666666666667,0.511194029850746
"IL","Igazolás","Szakmai guru",3.98333333333333,5,5,4.46666666666667,0.891791044776119
"IL","Igazolás","Ébredés",3.71666666666667,4,4,4.46666666666667,0.832089552238806
"IL","Igazolás","Egyéb",1.36666666666667,13,7,4.46666666666667,0.305970149253731
"IL","Igazolások UB","Gyerektev. Zárult",2.18333333333333,1,1,4.46666666666667,0.488805970149254
"IL","Igazolások UB","Kritikus",1.41666666666667,1,1,4.46666666666667,0.317164179104478
"IL","Igazolások UB","Normál",3.5,47,35,4.46666666666667,0.783582089552239
"IL","Igazolások UB","Ébredés",2.68333333333333,3,1,4.46666666666667,0.600746268656716
"IL","Igazolások UB","Egyéb",1.43333333333333,6,6,4.46666666666667,0.32089552238806
"IL","Igényfelmérõ ajánlat nélkül","Normál",0.45,1313,1309,4.46666666666667,0.100746268656716
"IL","Igényfelmérõ ajánlat nélkül","Ébredés",4.90833333333333,2,2,4.46666666666667,1.09888059701493
"IL","Igényfelmérõ függõ ajánlathoz","Gyerektev. Zárult",0.516666666666667,1,1,4.46666666666667,0.115671641791045
"IL","Igényfelmérõ függõ ajánlathoz","Normál",0.466666666666667,707,699,4.46666666666667,0.104477611940299
"IL","Igényfelmérõ függõ ajánlathoz","Ébredés",0.566666666666667,1,1,4.46666666666667,0.126865671641791
"IL","Igényfelmérõ függõ ajánlathoz","Egyéb",0.15,5,5,4.46666666666667,0.0335820895522388
"IL","Igényfelmérõ lezárt ajánlathoz","Gyerektev. Zárult",0.15,5,5,4.46666666666667,0.0335820895522388
"IL","Igényfelmérõ lezárt ajánlathoz","Kritikus",3.28333333333333,1,1,4.46666666666667,0.735074626865672
"IL","Igényfelmérõ lezárt ajánlathoz","Normál",0.5,441,431,4.46666666666667,0.111940298507463
"IL","Igényfelmérõ lezárt ajánlathoz","Ébredés",1.25,1,1,4.46666666666667,0.279850746268657
"IL","Igényfelmérõ nem létezõ ajánlathoz","Gyerektev. Zárult",0.15,1,1,4.46666666666667,0.0335820895522388
"IL","Igényfelmérõ nem létezõ ajánlathoz","Kritikus",0.4,1,1,4.46666666666667,0.0895522388059702
"IL","Igényfelmérõ nem létezõ ajánlathoz","Normál",0.983333333333333,173,172,4.46666666666667,0.220149253731343
"IL","Igényfelmérõ nem létezõ ajánlathoz","Egyéb",1.03333333333333,1,1,4.46666666666667,0.23134328358209
"IL","Információkérés díjról","Gyerektev. Zárult",2.49166666666667,6,4,4.46666666666667,0.557835820895522
"IL","Információkérés díjról","Kapcsolódó",5.25,1,1,4.46666666666667,1.17537313432836
"IL","Információkérés díjról","Normál",4.33333333333333,6,5,4.46666666666667,0.970149253731343
"IL","Információkérés díjról","Reponálás",4.20833333333333,4,2,4.46666666666667,0.942164179104477
"IL","Irat/Akta média","Normál",1.55833333333333,30,26,4.46666666666667,0.348880597014925
"IL","Irat/Akta média","Egyéb",1.05,12,11,4.46666666666667,0.235074626865672
"IL","Irattári kikérés","Normál",2.16666666666667,29,22,4.46666666666667,0.485074626865672
"IL","Irattári kikérés","Ébredés",4.36666666666667,2,1,4.46666666666667,0.977611940298507
"AL","CASCO adatrögzítés","KIVKEZ",8.26666666666667,66,55,4.46666666666667,1.85074626865672
"AL","CASCO adatrögzítés","Kapcsolódó",8.58333333333333,211,203,4.46666666666667,1.92164179104478
"AL","CASCO adatrögzítés","Normál",8.175,646,624,4.46666666666667,1.83022388059702
"AL","CASCO adatrögzítés","Reponálás",9.16666666666667,425,417,4.46666666666667,2.05223880597015
"AL","CASCO adatrögzítés","Ébredés",5.9,1,1,4.46666666666667,1.32089552238806
"AL","CASCO adatrögzítés","Egyéb",7.19166666666667,22,22,4.46666666666667,1.61007462686567
"AL","CASCO elektronikus adatellenõrzés","KIVKEZ",5.01666666666667,513,425,4.46666666666667,1.12313432835821
"AL","CASCO elektronikus adatellenõrzés","Kapcsolódó",4.2,5842,4306,4.46666666666667,0.940298507462687
"AL","CASCO elektronikus adatellenõrzés","Normál",5.28333333333333,3194,3099,4.46666666666667,1.18283582089552
"AL","CASCO elektronikus adatellenõrzés","Reponálás",3.8,8631,5416,4.46666666666667,0.850746268656716
"AL","CASCO elektronikus adatellenõrzés","Ébredés",4.98333333333333,1341,1254,4.46666666666667,1.11567164179104
"AL","CASCO elektronikus adatellenõrzés","Egyéb",1.01666666666667,82,75,4.46666666666667,0.227611940298507
"AL","CASCO papír adatellenõrzés","KIVKEZ",4.15,87,64,4.46666666666667,0.92910447761194
"AL","CASCO papír adatellenõrzés","Kapcsolódó",3.5,402,278,4.46666666666667,0.783582089552239
"AL","CASCO papír adatellenõrzés","Normál",3.51666666666667,707,699,4.46666666666667,0.787313432835821
"AL","CASCO papír adatellenõrzés","Reponálás",3.6,1165,779,4.46666666666667,0.805970149253731
"AL","CASCO papír adatellenõrzés","Ébredés",2.225,30,20,4.46666666666667,0.498134328358209
"AL","CASCO senior adatellenõrzés","KIVKEZ",3.21666666666667,1,1,4.46666666666667,0.720149253731343
"AL","CASCO senior kockázatelbírálás","Normál",0.733333333333333,1,1,4.46666666666667,0.164179104477612
"AL","CASCO sikertelen KPM adatellenõrzés","KIVKEZ",4.125,24,20,4.46666666666667,0.923507462686567
"AL","CASCO sikertelen KPM adatellenõrzés","Kapcsolódó",3.44166666666667,98,71,4.46666666666667,0.770522388059702
"AL","CASCO sikertelen KPM adatellenõrzés","Normál",3.81666666666667,177,170,4.46666666666667,0.854477611940298
"AL","CASCO sikertelen KPM adatellenõrzés","Reponálás",2.60833333333333,286,152,4.46666666666667,0.583955223880597
"AL","CASCO sikertelen KPM adatellenõrzés","Ébredés",3.10833333333333,14,13,4.46666666666667,0.69589552238806
"AL","CASCO sikertelen KPM adatellenõrzés","Egyéb",0.55,2,2,4.46666666666667,0.123134328358209
"AL","Egyéb iraton","KIVKEZ",5.06666666666667,17,16,4.46666666666667,1.13432835820896
"AL","Egyéb iraton","Kapcsolódó",4.68333333333333,368,345,4.46666666666667,1.04850746268657
"AL","Egyéb iraton","Normál",5.3,17,16,4.46666666666667,1.1865671641791
"AL","Egyéb iraton","Reponálás",4.86666666666667,120,109,4.46666666666667,1.08955223880597
"AL","Egyéb iraton","Ébredés",4.53333333333333,1,1,4.46666666666667,1.01492537313433
"AL","Egyéb iraton","Egyéb",0.05,257,223,4.46666666666667,0.0111940298507463
"AL","GFB adatrögzítés","KIVKEZ",3.43333333333333,97,80,4.46666666666667,0.76865671641791
"AL","GFB adatrögzítés","Kapcsolódó",3.73333333333333,57,55,4.46666666666667,0.835820895522388
"AL","GFB adatrögzítés","Normál",3.05,1265,1065,4.46666666666667,0.682835820895522
"AL","GFB adatrögzítés","Reponálás",4.33333333333333,716,572,4.46666666666667,0.970149253731343
"AL","GFB adatrögzítés","Szakmai guru",7.35,1,1,4.46666666666667,1.6455223880597
"AL","GFB adatrögzítés","Ébredés",2.63333333333333,11,11,4.46666666666667,0.58955223880597
"AL","GFB adatrögzítés","Egyéb",3.40833333333333,48,35,4.46666666666667,0.763059701492537
"AL","GFB elektronikus adatellenõrzés","KIVKEZ",19.0833333333333,1,1,4.46666666666667,4.27238805970149
"AL","GFB elektronikus adatellenõrzés","Kapcsolódó",4.31666666666667,1,1,4.46666666666667,0.966417910447761
"AL","GFB elektronikus adatellenõrzés","Normál",4.43333333333333,5,4,4.46666666666667,0.992537313432836
"AL","GFB elektronikus adatellenõrzés","Reponálás",1.78333333333333,18,6,4.46666666666667,0.399253731343284
"AL","GFB elektronikus adatellenõrzés","Egyéb",7.96666666666667,1,1,4.46666666666667,1.78358208955224
"AL","GFB papír adatellenõrzés","KIVKEZ",3.575,454,338,4.46666666666667,0.800373134328358
"AL","GFB papír adatellenõrzés","Kapcsolódó",5.81666666666667,20,18,4.46666666666667,1.30223880597015
"AL","GFB papír adatellenõrzés","Normál",3.76666666666667,410,398,4.46666666666667,0.843283582089552
"AL","GFB papír adatellenõrzés","Reponálás",3.61666666666667,1533,956,4.46666666666667,0.809701492537313
"AL","GFB papír adatellenõrzés","Szakmai guru",3.50833333333333,4,4,4.46666666666667,0.78544776119403
"AL","GFB papír adatellenõrzés","Ébredés",2.98333333333333,9,8,4.46666666666667,0.667910447761194
"AL","GFB senior adatellenõrzés","Kapcsolódó",8.06666666666667,1,1,4.46666666666667,1.80597014925373
"AL","GFB senior kockázatelbírálás","Kapcsolódó",0.383333333333333,2,2,4.46666666666667,0.0858208955223881
"AL","GFB senior kockázatelbírálás","Normál",1.01666666666667,1,1,4.46666666666667,0.227611940298507
"AL","GFB senior kockázatelbírálás","Reponálás",0.516666666666667,1,1,4.46666666666667,0.115671641791045
"AL","GFB sikertelen KPM adatellenõrzés","KIVKEZ",5.29166666666667,874,695,4.46666666666667,1.18470149253731
"AL","GFB sikertelen KPM adatellenõrzés","Kapcsolódó",6.43333333333333,5613,5048,4.46666666666667,1.44029850746269
"AL","GFB sikertelen KPM adatellenõrzés","Normál",6.08333333333333,23392,22567,4.46666666666667,1.36194029850746
"AL","GFB sikertelen KPM adatellenõrzés","Reponálás",5.26666666666667,17730,12965,4.46666666666667,1.17910447761194
"AL","GFB sikertelen KPM adatellenõrzés","Szakmai guru",3.85,1952,1742,4.46666666666667,0.861940298507463
"AL","GFB sikertelen KPM adatellenõrzés","kgfb2017_kampany",6.6,1183,1159,4.46666666666667,1.47761194029851
"AL","GFB sikertelen KPM adatellenõrzés","Ébredés",4.775,726,583,4.46666666666667,1.06902985074627
"AL","GFB sikertelen KPM adatellenõrzés","Egyéb",8.36666666666667,457,429,4.46666666666667,1.87313432835821
"AL","LAKÁS Többkörös senior kockázatelbírálás","KIVKEZ",2.45833333333333,2,2,4.46666666666667,0.550373134328358
"AL","LAKÁS Többkörös senior kockázatelbírálás","Kapcsolódó",7.825,6,6,4.46666666666667,1.75186567164179
"AL","LAKÁS Többkörös senior kockázatelbírálás","Normál",3.15,8,8,4.46666666666667,0.705223880597015
"AL","LAKÁS Többkörös senior kockázatelbírálás","Reponálás",6.54166666666667,12,12,4.46666666666667,1.46455223880597
"AL","LAKÁS Többkörös senior kockázatelbírálás","Egyéb",1.93333333333333,1,1,4.46666666666667,0.432835820895522
"AL","LAKÁS adatrögzítés","KIVKEZ",5.9,79,45,4.46666666666667,1.32089552238806
"AL","LAKÁS adatrögzítés","Kapcsolódó",9.13333333333333,82,69,4.46666666666667,2.04477611940298
"AL","LAKÁS adatrögzítés","Normál",10.0333333333333,311,269,4.46666666666667,2.24626865671642
"AL","LAKÁS adatrögzítés","Reponálás",7.01666666666667,707,390,4.46666666666667,1.57089552238806
"AL","LAKÁS adatrögzítés","Szakmai guru",4.36666666666667,1,1,4.46666666666667,0.977611940298507
"AL","LAKÁS adatrögzítés","Ébredés",9.16666666666667,92,84,4.46666666666667,2.05223880597015
"AL","LAKÁS adatrögzítés","Egyéb",9.78333333333333,49,35,4.46666666666667,2.19029850746269
"AL","LAKÁS elektronikus adatellenõrzés","KIVKEZ",5.18333333333333,127,102,4.46666666666667,1.16044776119403
"AL","LAKÁS elektronikus adatellenõrzés","Kapcsolódó",5.81666666666667,102,86,4.46666666666667,1.30223880597015
"AL","LAKÁS elektronikus adatellenõrzés","Normál",5.68333333333333,480,468,4.46666666666667,1.27238805970149
"AL","LAKÁS elektronikus adatellenõrzés","Reponálás",5.01666666666667,231,124,4.46666666666667,1.12313432835821
"AL","LAKÁS elektronikus adatellenõrzés","Szakmai guru",4,51,50,4.46666666666667,0.895522388059702
"AL","LAKÁS elektronikus adatellenõrzés","Ébredés",2.75,9,9,4.46666666666667,0.615671641791045
"AL","LAKÁS elektronikus adatellenõrzés","Egyéb",3.875,12,11,4.46666666666667,0.867537313432836
"AL","LAKÁS papír adatellenõrzés","KIVKEZ",2.725,92,51,4.46666666666667,0.610074626865672
"AL","LAKÁS papír adatellenõrzés","Kapcsolódó",3.60833333333333,164,92,4.46666666666667,0.807835820895522
"AL","LAKÁS papír adatellenõrzés","Normál",5.2,187,163,4.46666666666667,1.16417910447761
"AL","LAKÁS papír adatellenõrzés","Reponálás",2.40833333333333,992,357,4.46666666666667,0.539179104477612
"AL","LAKÁS papír adatellenõrzés","Szakmai guru",7.65833333333333,2,2,4.46666666666667,1.71455223880597
"AL","LAKÁS papír adatellenõrzés","Ébredés",2.21666666666667,11,7,4.46666666666667,0.496268656716418
"AL","LAKÁS papír adatellenõrzés","Egyéb",4.23333333333333,7,6,4.46666666666667,0.947761194029851
"AL","LAKÁS senior adatellenõrzés","KIVKEZ",3.9,119,87,4.46666666666667,0.873134328358209
"AL","LAKÁS senior adatellenõrzés","Kapcsolódó",2.23333333333333,152,99,4.46666666666667,0.5
"AL","LAKÁS senior adatellenõrzés","Normál",3.05,276,217,4.46666666666667,0.682835820895522
"AL","LAKÁS senior adatellenõrzés","Reponálás",3.01666666666667,775,409,4.46666666666667,0.675373134328358
"AL","LAKÁS senior adatellenõrzés","Szakmai guru",24.9333333333333,3,3,4.46666666666667,5.58208955223881
"AL","LAKÁS senior adatellenõrzés","Ébredés",3.675,8,7,4.46666666666667,0.822761194029851
"AL","LAKÁS senior adatellenõrzés","Egyéb",0.0333333333333333,1,1,4.46666666666667,0.00746268656716418
"AL","LAKÁS senior kockázatelbírálás","KIVKEZ",3.73333333333333,38,37,4.46666666666667,0.835820895522388
"AL","LAKÁS senior kockázatelbírálás","Kapcsolódó",5.23333333333333,25,25,4.46666666666667,1.17164179104478
"AL","LAKÁS senior kockázatelbírálás","Normál",4.25833333333333,86,83,4.46666666666667,0.953358208955224
"AL","LAKÁS senior kockázatelbírálás","Reponálás",6.83333333333333,147,141,4.46666666666667,1.52985074626866
"AL","LAKÁS senior kockázatelbírálás","Egyéb",3.74166666666667,6,6,4.46666666666667,0.837686567164179
"AL","LAKÁS senior kockázatelbírálás gyors","KIVKEZ",6.95833333333333,38,38,4.46666666666667,1.55783582089552
"AL","LAKÁS senior kockázatelbírálás gyors","Kapcsolódó",5.40833333333333,48,44,4.46666666666667,1.21082089552239
"AL","LAKÁS senior kockázatelbírálás gyors","Normál",4.01666666666667,121,116,4.46666666666667,0.899253731343284
"AL","LAKÁS senior kockázatelbírálás gyors","Reponálás",6.06666666666667,205,189,4.46666666666667,1.35820895522388
"AL","LAKÁS senior kockázatelbírálás gyors","Szakmai guru",2.95,7,7,4.46666666666667,0.66044776119403
"AL","LAKÁS senior kockázatelbírálás gyors","Ébredés",1.36666666666667,1,1,4.46666666666667,0.305970149253731
"AL","LAKÁS senior kockázatelbírálás gyors","Egyéb",4.3,9,9,4.46666666666667,0.962686567164179
"AL","LAKÁS sikertelen KPM adatellenõrzés","KIVKEZ",4.2,2085,1752,4.46666666666667,0.940298507462687
"AL","LAKÁS sikertelen KPM adatellenõrzés","Kapcsolódó",3.95,7872,6658,4.46666666666667,0.884328358208955
"AL","LAKÁS sikertelen KPM adatellenõrzés","Normál",4.46666666666667,12810,12441,4.46666666666667,1
"AL","LAKÁS sikertelen KPM adatellenõrzés","Reponálás",4.1,5940,4286,4.46666666666667,0.917910447761194
"AL","LAKÁS sikertelen KPM adatellenõrzés","Szakmai guru",4.39166666666667,318,306,4.46666666666667,0.983208955223881
"AL","LAKÁS sikertelen KPM adatellenõrzés","Ébredés",3.69166666666667,260,230,4.46666666666667,0.826492537313433
"AL","LAKÁS sikertelen KPM adatellenõrzés","Egyéb",6.18333333333333,809,710,4.46666666666667,1.38432835820896
"AL","LAKÁS átdolgozás","KIVKEZ",2.91666666666667,71,53,4.46666666666667,0.652985074626866
"AL","LAKÁS átdolgozás","Kapcsolódó",3.38333333333333,128,101,4.46666666666667,0.757462686567164
"AL","LAKÁS átdolgozás","Normál",2.4,3078,3006,4.46666666666667,0.537313432835821
"AL","LAKÁS átdolgozás","Reponálás",2.35,2929,2326,4.46666666666667,0.526119402985075
"AL","LAKÁS átdolgozás","Szakmai guru",3.5,35,33,4.46666666666667,0.783582089552239
"AL","LAKÁS átdolgozás","Ébredés",4.08333333333333,21,16,4.46666666666667,0.914179104477612
"AL","LAKÁS átdolgozás","Egyéb",1.86666666666667,33,31,4.46666666666667,0.417910447761194
"AL","Senior validálás","KIVKEZ",1.8,206,199,4.46666666666667,0.402985074626866
"AL","Senior validálás","Kapcsolódó",1.51666666666667,133,132,4.46666666666667,0.33955223880597
"AL","Senior validálás","Normál",1.53333333333333,1366,1330,4.46666666666667,0.343283582089552
"AL","Senior validálás","Reponálás",2.46666666666667,97,90,4.46666666666667,0.552238805970149
"AL","Senior validálás","Szakmai guru",1.675,2,2,4.46666666666667,0.375
"AL","Senior validálás","ujbelepok_elore",1.55,394,390,4.46666666666667,0.347014925373134
"AL","Senior validálás","Ébredés",1.16666666666667,5,5,4.46666666666667,0.261194029850746
"AL","TLP adatrögzítés","KIVKEZ",3.95,2,1,4.46666666666667,0.884328358208955
"AL","TLP adatrögzítés","Reponálás",13.3,3,1,4.46666666666667,2.97761194029851
"AL","TLP adatrögzítés","Egyéb",7.48333333333333,1,1,4.46666666666667,1.67537313432836
"AL","TLP elektronikus adatellenõrzés","KIVKEZ",3.75,67,32,4.46666666666667,0.83955223880597
"AL","TLP elektronikus adatellenõrzés","Kapcsolódó",4.54166666666667,784,619,4.46666666666667,1.01679104477612
"AL","TLP elektronikus adatellenõrzés","Normál",6.46666666666667,458,381,4.46666666666667,1.44776119402985
"AL","TLP elektronikus adatellenõrzés","Reponálás",5.45,1043,627,4.46666666666667,1.22014925373134
"AL","TLP elektronikus adatellenõrzés","Ébredés",4.23333333333333,24,17,4.46666666666667,0.947761194029851
"AL","TLP elektronikus adatellenõrzés","Egyéb",6.56666666666667,197,160,4.46666666666667,1.47014925373134
"AL","TLP papír adatellenõrzés","Reponálás",3.48333333333333,11,5,4.46666666666667,0.779850746268657
"AL","TLP papír adatellenõrzés","Egyéb",2.01666666666667,14,2,4.46666666666667,0.451492537313433
"AL","TLP senior adatellenõrzés","Kapcsolódó",1.16666666666667,1,1,4.46666666666667,0.261194029850746
"AL","TLP senior kockázatelbírálás gyors","Kapcsolódó",0.35,1,1,4.46666666666667,0.0783582089552239
"AL","ÉLET Többkörös senior kockázatelbírálás","KIVKEZ",5.725,140,131,4.46666666666667,1.28171641791045
"AL","ÉLET Többkörös senior kockázatelbírálás","Kapcsolódó",4.51666666666667,551,481,4.46666666666667,1.01119402985075
"AL","ÉLET Többkörös senior kockázatelbírálás","Normál",7.3,1105,742,4.46666666666667,1.63432835820896
"AL","ÉLET Többkörös senior kockázatelbírálás","Reponálás",5.275,228,219,4.46666666666667,1.18097014925373
"AL","ÉLET Többkörös senior kockázatelbírálás","ujbelepok_elore",7.125,292,199,4.46666666666667,1.59514925373134
"AL","ÉLET Többkörös senior kockázatelbírálás","Ébredés",2.58333333333333,91,90,4.46666666666667,0.578358208955224
"AL","ÉLET Többkörös senior kockázatelbírálás","Egyéb",2.575,4,4,4.46666666666667,0.576492537313433
"AL","ÉLET adatrögzítés","KIVKEZ",4.55833333333333,52,28,4.46666666666667,1.0205223880597
"AL","ÉLET adatrögzítés","Kapcsolódó",18.1,108,90,4.46666666666667,4.05223880597015
"AL","ÉLET adatrögzítés","Normál",22.2833333333333,115,101,4.46666666666667,4.98880597014925
"AL","ÉLET adatrögzítés","Reponálás",2.25833333333333,402,128,4.46666666666667,0.505597014925373
"AL","ÉLET adatrögzítés","Szakmai guru",6.66666666666667,20,15,4.46666666666667,1.49253731343284
"AL","ÉLET adatrögzítés","ujbelepok_elore",2.11666666666667,3,2,4.46666666666667,0.473880597014925
"AL","ÉLET adatrögzítés","Ébredés",6.95833333333333,26,21,4.46666666666667,1.55783582089552
"AL","ÉLET adatrögzítés","Egyéb",8.33333333333333,18,11,4.46666666666667,1.86567164179104
"AL","ÉLET elektronikus adatkorrekció","KIVKEZ",4.90833333333333,248,231,4.46666666666667,1.09888059701493
"AL","ÉLET elektronikus adatkorrekció","Kapcsolódó",6.43333333333333,1692,1668,4.46666666666667,1.44029850746269
"AL","ÉLET elektronikus adatkorrekció","Normál",5.34166666666667,2374,2359,4.46666666666667,1.19589552238806
"AL","ÉLET elektronikus adatkorrekció","Reponálás",7.09166666666667,40,33,4.46666666666667,1.58768656716418
"AL","ÉLET elektronikus adatkorrekció","Szakmai guru",5.54166666666667,10,9,4.46666666666667,1.24067164179104
"AL","ÉLET elektronikus adatkorrekció","ujbelepok_elore",5.53333333333333,723,718,4.46666666666667,1.23880597014925
"AL","ÉLET elektronikus adatkorrekció","Ébredés",3.38333333333333,8,7,4.46666666666667,0.757462686567164
"AL","ÉLET elektronikus adatkorrekció","Egyéb",4.325,10,10,4.46666666666667,0.968283582089552
"AL","ÉLET elektronikus junior adatellenõrzés","KIVKEZ",4.13333333333333,1135,877,4.46666666666667,0.925373134328358
"AL","ÉLET elektronikus junior adatellenõrzés","Kapcsolódó",5.2,10616,8193,4.46666666666667,1.16417910447761
"AL","ÉLET elektronikus junior adatellenõrzés","Normál",5.63333333333333,4760,4614,4.46666666666667,1.26119402985075
"AL","ÉLET elektronikus junior adatellenõrzés","Reponálás",4.15,3986,2556,4.46666666666667,0.92910447761194
"AL","ÉLET elektronikus junior adatellenõrzés","Szakmai guru",4.96666666666667,13,12,4.46666666666667,1.11194029850746
"AL","ÉLET elektronikus junior adatellenõrzés","ujbelepok_elore",5.41666666666667,1768,1711,4.46666666666667,1.21268656716418
"AL","ÉLET elektronikus junior adatellenõrzés","Ébredés",2.95,1262,1059,4.46666666666667,0.66044776119403
"AL","ÉLET elektronikus junior adatellenõrzés","Egyéb",7.33333333333333,38,37,4.46666666666667,1.64179104477612
"AL","ÉLET papír adatellenõrzés","KIVKEZ",3.65,53,30,4.46666666666667,0.817164179104478
"AL","ÉLET papír adatellenõrzés","Kapcsolódó",3.61666666666667,197,87,4.46666666666667,0.809701492537313
"AL","ÉLET papír adatellenõrzés","Normál",7.61666666666667,187,179,4.46666666666667,1.70522388059701
"AL","ÉLET papír adatellenõrzés","Reponálás",2.66666666666667,241,81,4.46666666666667,0.597014925373134
"AL","ÉLET papír adatellenõrzés","Szakmai guru",7,1,1,4.46666666666667,1.56716417910448
"AL","ÉLET papír adatellenõrzés","ujbelepok_elore",5.26666666666667,3,3,4.46666666666667,1.17910447761194
"AL","ÉLET papír adatellenõrzés","Ébredés",4.28333333333333,52,44,4.46666666666667,0.958955223880597
"AL","ÉLET papír adatellenõrzés","Egyéb",2.18333333333333,3,3,4.46666666666667,0.488805970149254
"AL","ÉLET senior adatellenõrzés","KIVKEZ",3.35,879,559,4.46666666666667,0.75
"AL","ÉLET senior adatellenõrzés","Kapcsolódó",2.96666666666667,4218,1749,4.46666666666667,0.664179104477612
"AL","ÉLET senior adatellenõrzés","Normál",3.75,3428,1916,4.46666666666667,0.83955223880597
"AL","ÉLET senior adatellenõrzés","Reponálás",2.78333333333333,604,320,4.46666666666667,0.623134328358209
"AL","ÉLET senior adatellenõrzés","Szakmai guru",7.71666666666667,10,10,4.46666666666667,1.72761194029851
"AL","ÉLET senior adatellenõrzés","ujbelepok_elore",3,904,525,4.46666666666667,0.671641791044776
"AL","ÉLET senior adatellenõrzés","Ébredés",3.98333333333333,821,657,4.46666666666667,0.891791044776119
"AL","ÉLET senior kockázatelbírálás","KIVKEZ",6.98333333333333,87,87,4.46666666666667,1.5634328358209
"AL","ÉLET senior kockázatelbírálás","Kapcsolódó",7.975,272,270,4.46666666666667,1.78544776119403
"AL","ÉLET senior kockázatelbírálás","Normál",6.34166666666667,368,364,4.46666666666667,1.41977611940298
"AL","ÉLET senior kockázatelbírálás","Reponálás",3.81666666666667,26,26,4.46666666666667,0.854477611940298
"AL","ÉLET senior kockázatelbírálás","Szakmai guru",13.9666666666667,1,1,4.46666666666667,3.12686567164179
"AL","ÉLET senior kockázatelbírálás","ujbelepok_elore",5.275,182,181,4.46666666666667,1.18097014925373
"AL","ÉLET senior kockázatelbírálás","Ébredés",27.6666666666667,1,1,4.46666666666667,6.19402985074627
"AL","ÉLET senior kockázatelbírálás","Egyéb",12.45,1,1,4.46666666666667,2.78731343283582
"AL","ÉLET senior kockázatelbírálás gyors","KIVKEZ",5.36666666666667,164,161,4.46666666666667,1.20149253731343
"AL","ÉLET senior kockázatelbírálás gyors","Kapcsolódó",7.55,617,609,4.46666666666667,1.69029850746269
"AL","ÉLET senior kockázatelbírálás gyors","Normál",6.93333333333333,786,769,4.46666666666667,1.55223880597015
"AL","ÉLET senior kockázatelbírálás gyors","Reponálás",6.08333333333333,35,35,4.46666666666667,1.36194029850746
"AL","ÉLET senior kockázatelbírálás gyors","ujbelepok_elore",5.51666666666667,313,307,4.46666666666667,1.23507462686567
"AL","ÉLET senior kockázatelbírálás gyors","Ébredés",10.2333333333333,3,3,4.46666666666667,2.2910447761194
"AL","ÉLET senior kockázatelbírálás gyors","Egyéb",6.58333333333333,3,3,4.46666666666667,1.47388059701493
"AL","ÉLET sikertelen KPM adatellenõrzés","KIVKEZ",2.59166666666667,90,63,4.46666666666667,0.580223880597015
"AL","ÉLET sikertelen KPM adatellenõrzés","Kapcsolódó",4.61666666666667,115,95,4.46666666666667,1.03358208955224
"AL","ÉLET sikertelen KPM adatellenõrzés","Normál",6.69166666666667,220,202,4.46666666666667,1.49813432835821
"AL","ÉLET sikertelen KPM adatellenõrzés","Reponálás",2.48333333333333,307,137,4.46666666666667,0.555970149253731
"AL","ÉLET sikertelen KPM adatellenõrzés","ujbelepok_elore",6,60,52,4.46666666666667,1.34328358208955
"AL","ÉLET sikertelen KPM adatellenõrzés","Ébredés",3.3,54,46,4.46666666666667,0.738805970149254
"AL","ÉLET sikertelen KPM adatellenõrzés","Egyéb",6.26666666666667,1,1,4.46666666666667,1.40298507462687
"IL","ABLAK foglaló","Gyerektev. Zárult",0.3,3,2,4.46666666666667,0.0671641791044776
"IL","ABLAK foglaló","Kapcsolódó",1.61666666666667,7,3,4.46666666666667,0.361940298507463
"IL","ABLAK foglaló","Kritikus",0.908333333333333,34,24,4.46666666666667,0.203358208955224
"IL","ABLAK foglaló","Normál",3.04166666666667,370,362,4.46666666666667,0.680970149253731
"IL","ABLAK foglaló","Ébredés",1.55,202,106,4.46666666666667,0.347014925373134
"IL","AFC elektronikus irat tétel","Gyerektev. Zárult",0.416666666666667,111,111,4.46666666666667,0.0932835820895522
"IL","AFC elektronikus irat tétel","KIVKEZ",0.383333333333333,14,5,4.46666666666667,0.0858208955223881
"IL","AFC elektronikus irat tétel","Kapcsolódó",4.3,28,26,4.46666666666667,0.962686567164179
"IL","AFC elektronikus irat tétel","Kritikus",5.70833333333333,32,24,4.46666666666667,1.27798507462687
"IL","AFC elektronikus irat tétel","Normál",0.933333333333333,14603,14280,4.46666666666667,0.208955223880597
"IL","AFC elektronikus irat tétel","Reponálás",5.96666666666667,12,12,4.46666666666667,1.33582089552239
"IL","AFC elektronikus irat tétel","Szakmai guru",6.49166666666667,8,8,4.46666666666667,1.45335820895522
"IL","AFC elektronikus irat tétel","Ébredés",0.683333333333333,316,282,4.46666666666667,0.152985074626866
"IL","AFC elektronikus irat tétel","Egyéb",0.95,98,85,4.46666666666667,0.212686567164179
"IL","AFC welcome hívás","Normál",7.26666666666667,5,2,4.46666666666667,1.62686567164179
"IL","AFC welcome hívás","Ébredés",7.26666666666667,1,1,4.46666666666667,1.62686567164179
"IL","AFC welcome hívás","Egyéb",0.1,1,1,4.46666666666667,0.0223880597014925
"IL","AFC_welcome_hivas_Exclusive_H","Normál",5.48333333333333,11,11,4.46666666666667,1.22761194029851
"IL","AFC_welcome_hivas_Exclusive_H","Ébredés",5.375,16,5,4.46666666666667,1.20335820895522
"IL","AFC_welcome_hivas_Exclusive_Nyugdij_H","Normál",11.8583333333333,4,4,4.46666666666667,2.65485074626866
"IL","AFC_welcome_hivas_Exclusive_Nyugdij_H","Ébredés",7.1,2,1,4.46666666666667,1.58955223880597
"IL","AFC_welcome_hivas_Exclusive_Nyugdij_UL","Normál",8.85,49,49,4.46666666666667,1.98134328358209
"IL","AFC_welcome_hivas_Exclusive_Nyugdij_UL","Ébredés",5.075,50,27,4.46666666666667,1.13619402985075
"IL","AFC_welcome_hivas_Exclusive_Nyugdij_UL","Egyéb",1.61666666666667,4,2,4.46666666666667,0.361940298507463
"IL","AFC_welcome_hivas_Exclusive_UL","Normál",6.90833333333333,72,68,4.46666666666667,1.54664179104478
"IL","AFC_welcome_hivas_Exclusive_UL","Ébredés",7.46666666666667,64,35,4.46666666666667,1.67164179104478
"IL","AFC_welcome_hivas_Exclusive_UL","Egyéb",7.65833333333333,2,2,4.46666666666667,1.71455223880597
"IL","AFC_welcome_hivas_Jövõtervezõ_H","Normál",5.45,1809,1792,4.46666666666667,1.22014925373134
"IL","AFC_welcome_hivas_Jövõtervezõ_H","Ébredés",4.76666666666667,1563,928,4.46666666666667,1.06716417910448
"IL","AFC_welcome_hivas_Jövõtervezõ_H","Egyéb",14.7083333333333,2,1,4.46666666666667,3.29291044776119
"IL","AFC_welcome_hivas_Jövõtervezõ_UL","Normál",5.78333333333333,1396,1383,4.46666666666667,1.29477611940298
"IL","AFC_welcome_hivas_Jövõtervezõ_UL","Ébredés",4.80833333333333,1208,731,4.46666666666667,1.07649253731343
"IL","AFC_welcome_hivas_Jövõtervezõ_UL","Egyéb",7.5,2,2,4.46666666666667,1.67910447761194
"IL","AFC_welcome_hivas_Optimum_Invest","Normál",6.525,84,83,4.46666666666667,1.46082089552239
"IL","AFC_welcome_hivas_Optimum_Invest","Ébredés",7.55,33,20,4.46666666666667,1.69029850746269
"IL","AFC_welcome_hivas_Relax_Plusz_H","Normál",5.80833333333333,2064,2045,4.46666666666667,1.30037313432836
"IL","AFC_welcome_hivas_Relax_Plusz_H","Ébredés",4.56666666666667,1721,1048,4.46666666666667,1.02238805970149
"IL","AFC_welcome_hivas_Relax_Plusz_H_Online","Normál",4.5,207,207,4.46666666666667,1.00746268656716
"IL","AFC_welcome_hivas_Relax_Plusz_H_Online","Ébredés",3.81666666666667,186,109,4.46666666666667,0.854477611940298
"IL","AFC_welcome_hivas_Relax_Plusz_H_Online","Egyéb",0.516666666666667,1,1,4.46666666666667,0.115671641791045
"IL","AFC_welcome_hivas_Relax_Plusz_UL","Normál",5.40833333333333,932,917,4.46666666666667,1.21082089552239
"IL","AFC_welcome_hivas_Relax_Plusz_UL","Ébredés",4.91666666666667,797,475,4.46666666666667,1.10074626865672
"IL","AFC_welcome_hivas_Relax_Plusz_UL","Egyéb",16.9833333333333,1,1,4.46666666666667,3.80223880597015
"IL","AFC_welcome_hivas_Vital","Gyerektev. Zárult",2.06666666666667,2,2,4.46666666666667,0.462686567164179
"IL","AFC_welcome_hivas_Vital","Normál",5.46666666666667,1465,1451,4.46666666666667,1.22388059701493
"IL","AFC_welcome_hivas_Vital","Ébredés",5.31666666666667,1171,692,4.46666666666667,1.19029850746269
"IL","AFC_welcome_hivas_Vital","Egyéb",0.475,6,5,4.46666666666667,0.10634328358209
"IL","AFC_welcome_hívás_Gold  Nyugdíjbiztosítás_H","Normál",6.43333333333333,97,96,4.46666666666667,1.44029850746269
"IL","AFC_welcome_hívás_Gold  Nyugdíjbiztosítás_H","Ébredés",5.54166666666667,66,40,4.46666666666667,1.24067164179104
"IL","AFC_welcome_hívás_Prémium Gold _UL","Normál",4.225,138,137,4.46666666666667,0.94589552238806
"IL","AFC_welcome_hívás_Prémium Gold _UL","Ébredés",7.80833333333333,80,54,4.46666666666667,1.74813432835821
"IL","AFC_welcome_hívás_Prémium Platinum _UL","Normál",6.15,81,81,4.46666666666667,1.37686567164179
"IL","AFC_welcome_hívás_Prémium Platinum _UL","Ébredés",4.925,66,42,4.46666666666667,1.10261194029851
"IL","AFC_welcome_hívás_Prémium Platinum _UL","Egyéb",16.7166666666667,3,3,4.46666666666667,3.74253731343284
"IL","AFC_welcome_hívás_Prémium Silver_UL","Normál",6.31666666666667,73,73,4.46666666666667,1.41417910447761
"IL","AFC_welcome_hívás_Prémium Silver_UL","Ébredés",6.56666666666667,55,34,4.46666666666667,1.47014925373134
"IL","AFC_welcome_hívás_Prémium Silver_UL","Egyéb",0.316666666666667,1,1,4.46666666666667,0.0708955223880597
"IL","AFC_welcome_hívás_Silver  Nyugdíjbiztosítás_H","Normál",6.91666666666667,83,83,4.46666666666667,1.54850746268657
"IL","AFC_welcome_hívás_Silver  Nyugdíjbiztosítás_H","Ébredés",6.13333333333333,59,38,4.46666666666667,1.37313432835821
"IL","AFC_welcome_hívás_Silver  Nyugdíjbiztosítás_H","Egyéb",10.15,1,1,4.46666666666667,2.27238805970149
"IL","Adatmódosítás","Gyerektev. Zárult",3.25833333333333,178,145,4.46666666666667,0.729477611940298
"IL","Adatmódosítás","KIVKEZ",3.73333333333333,22,13,4.46666666666667,0.835820895522388
"IL","Adatmódosítás","Kapcsolódó",4.15,109,91,4.46666666666667,0.92910447761194
"IL","Adatmódosítás","Kritikus",4.55,857,720,4.46666666666667,1.01865671641791
"IL","Adatmódosítás","Normál",3.05,4113,3041,4.46666666666667,0.682835820895522
"IL","Adatmódosítás","Reponálás",6.85,15,10,4.46666666666667,1.53358208955224
"IL","Adatmódosítás","Szakmai guru",5.64166666666667,246,230,4.46666666666667,1.26305970149254
"IL","Adatmódosítás","Ébredés",4.1,526,406,4.46666666666667,0.917910447761194
"IL","Adatmódosítás","Egyéb",1.06666666666667,187,179,4.46666666666667,0.238805970149254
"IL","Ajánlat létrehozás","Gyerektev. Zárult",4.29166666666667,4,4,4.46666666666667,0.960820895522388
"IL","Ajánlat létrehozás","Kapcsolódó",2.50833333333333,2,1,4.46666666666667,0.561567164179104
"IL","Ajánlat létrehozás","Kritikus",3.7,19,15,4.46666666666667,0.828358208955224
"IL","Ajánlat létrehozás","Normál",2.45,1482,1365,4.46666666666667,0.548507462686567
"IL","Ajánlat létrehozás","Szakmai guru",6.675,4,3,4.46666666666667,1.49440298507463
"IL","Ajánlat létrehozás","Ébredés",2.775,20,10,4.46666666666667,0.621268656716418
"IL","Ajánlat létrehozás","Egyéb",0.25,274,274,4.46666666666667,0.0559701492537313
"IL","Ajánlathoz kapcsolódó dokumentum","Gyerektev. Zárult",1.96666666666667,756,687,4.46666666666667,0.440298507462687
"IL","Ajánlathoz kapcsolódó dokumentum","KIVKEZ",2.73333333333333,97,56,4.46666666666667,0.611940298507463
"IL","Ajánlathoz kapcsolódó dokumentum","Kapcsolódó",2.93333333333333,193,170,4.46666666666667,0.656716417910448
"IL","Ajánlathoz kapcsolódó dokumentum","Kritikus",2.31666666666667,1005,910,4.46666666666667,0.51865671641791
"IL","Ajánlathoz kapcsolódó dokumentum","Normál",1.7,33789,26839,4.46666666666667,0.380597014925373
"IL","Ajánlathoz kapcsolódó dokumentum","Reponálás",4.7,41,30,4.46666666666667,1.05223880597015
"IL","Ajánlathoz kapcsolódó dokumentum","Szakmai guru",4.86666666666667,465,433,4.46666666666667,1.08955223880597
"IL","Ajánlathoz kapcsolódó dokumentum","Ébredés",2.36666666666667,1965,1589,4.46666666666667,0.529850746268657
"IL","Ajánlathoz kapcsolódó dokumentum","Egyéb",0.783333333333333,717,692,4.46666666666667,0.175373134328358
"IL","Ajánlati díjkezelés","Gyerektev. Zárult",1.58333333333333,7,5,4.46666666666667,0.354477611940298
"IL","Ajánlati díjkezelés","KIVKEZ",2.9,23,10,4.46666666666667,0.649253731343284
"IL","Ajánlati díjkezelés","Kapcsolódó",5.16666666666667,2,2,4.46666666666667,1.15671641791045
"IL","Ajánlati díjkezelés","Kritikus",3.975,2,2,4.46666666666667,0.889925373134328
"IL","Ajánlati díjkezelés","Normál",1.98333333333333,347,316,4.46666666666667,0.444029850746269
"IL","Ajánlati díjkezelés","Szakmai guru",3.93333333333333,1,1,4.46666666666667,0.880597014925373
"IL","Ajánlati díjkezelés","Ébredés",2.31666666666667,24,13,4.46666666666667,0.51865671641791
"IL","Ajánlati díjkezelés","Egyéb",3.53333333333333,6,5,4.46666666666667,0.791044776119403
"IL","Ajánlaton kívüli intézkedés","Gyerektev. Zárult",2.86666666666667,5,5,4.46666666666667,0.641791044776119
"IL","Ajánlaton kívüli intézkedés","Kapcsolódó",0.716666666666667,7,6,4.46666666666667,0.16044776119403
"IL","Ajánlaton kívüli intézkedés","Kritikus",2.2,13,12,4.46666666666667,0.492537313432836
"IL","Ajánlaton kívüli intézkedés","Normál",2.95833333333333,96,75,4.46666666666667,0.662313432835821
"IL","Ajánlaton kívüli intézkedés","Reponálás",0.95,1,1,4.46666666666667,0.212686567164179
"IL","Ajánlaton kívüli intézkedés","Szakmai guru",5.98333333333333,4,4,4.46666666666667,1.33955223880597
"IL","Ajánlaton kívüli intézkedés","Ébredés",1.50833333333333,6,5,4.46666666666667,0.337686567164179
"IL","Ajánlaton kívüli intézkedés","Egyéb",1.53333333333333,20,19,4.46666666666667,0.343283582089552
"IL","Automata értesítõ emailre válasz","Gyerektev. Zárult",2.46666666666667,12,12,4.46666666666667,0.552238805970149
"IL","Automata értesítõ emailre válasz","Kapcsolódó",3.94166666666667,4,4,4.46666666666667,0.882462686567164
"IL","Automata értesítõ emailre válasz","Kritikus",2.01666666666667,59,57,4.46666666666667,0.451492537313433
"IL","Automata értesítõ emailre válasz","Normál",1.79166666666667,246,225,4.46666666666667,0.401119402985075
"IL","Automata értesítõ emailre válasz","Szakmai guru",10.2666666666667,3,3,4.46666666666667,2.29850746268657
"IL","Automata értesítõ emailre válasz","Ébredés",10.6583333333333,8,7,4.46666666666667,2.38619402985075
"IL","Automata értesítõ emailre válasz","Egyéb",3.51666666666667,29,28,4.46666666666667,0.787313432835821
"IL","Azonosító okmánymásolat ajánlathoz","Gyerektev. Zárult",5.44166666666667,4,4,4.46666666666667,1.21828358208955
"IL","Azonosító okmánymásolat ajánlathoz","Kritikus",0.775,60,58,4.46666666666667,0.173507462686567
"IL","Azonosító okmánymásolat ajánlathoz","Normál",0.516666666666667,1032,1019,4.46666666666667,0.115671641791045
"IL","Azonosító okmánymásolat ajánlathoz","Ébredés",1.41666666666667,16,14,4.46666666666667,0.317164179104478
"IL","Azonosító okmánymásolat ajánlathoz","Egyéb",2.8,226,224,4.46666666666667,0.626865671641791
"IL","Azonosító okmánymásolat rendkívüli díjhoz","Normál",4.35,3,2,4.46666666666667,0.973880597014925
"IL","Azonosító okmánymásolat rendkívüli díjhoz","Egyéb",0.65,1,1,4.46666666666667,0.145522388059701
"IL","BIT adatlap","Normál",1,227,170,4.46666666666667,0.223880597014925
"IL","BIT adatlap","Ébredés",3.43333333333333,1,1,4.46666666666667,0.76865671641791
"IL","BIT adatlap","Egyéb",1.275,14,14,4.46666666666667,0.28544776119403
"IL","BRUNO Függõ 70-es állapot lakás","Normál",1.55,19,19,4.46666666666667,0.347014925373134
"IL","BRUNO Függõ ÁB-t nem illetõ díj 67 74","Normál",0.85,1579,1578,4.46666666666667,0.190298507462687
"IL","BRUNO Függõ ÁB-t nem illetõ díj 67 74","Ébredés",0.933333333333333,3,3,4.46666666666667,0.208955223880597
"IL","Banki betöltés - Bankszámlaváltás","Gyerektev. Zárult",0.833333333333333,19,18,4.46666666666667,0.186567164179104
"IL","Banki betöltés - Bankszámlaváltás","Kritikus",1.41666666666667,10,10,4.46666666666667,0.317164179104478
"IL","Banki betöltés - Bankszámlaváltás","Normál",1.41666666666667,5833,5747,4.46666666666667,0.317164179104478
"IL","Banki betöltés - Bankszámlaváltás","Szakmai guru",2.55,39,38,4.46666666666667,0.57089552238806
"IL","Banki betöltés - Bankszámlaváltás","Ébredés",2.01666666666667,1003,811,4.46666666666667,0.451492537313433
"IL","Banki betöltés - Bankszámlaváltás","Egyéb",0.383333333333333,231,229,4.46666666666667,0.0858208955223881
"IL","Banki betöltés - Módosítandó tételek","Gyerektev. Zárult",0.333333333333333,4,4,4.46666666666667,0.0746268656716418
"IL","Banki betöltés - Módosítandó tételek","Normál",1.68333333333333,216,208,4.46666666666667,0.376865671641791
"IL","Banki betöltés - Módosítandó tételek","Szakmai guru",4.30833333333333,2,2,4.46666666666667,0.96455223880597
"IL","Banki betöltés - Módosítandó tételek","Ébredés",1.65,33,23,4.46666666666667,0.369402985074627
"IL","Banki betöltés - Törlendõ tételek","Gyerektev. Zárult",2.63333333333333,2,2,4.46666666666667,0.58955223880597
"IL","Banki betöltés - Törlendõ tételek","Normál",1.58333333333333,473,391,4.46666666666667,0.354477611940298
"IL","Banki betöltés - Törlendõ tételek","Szakmai guru",3.6,1,1,4.46666666666667,0.805970149253731
"IL","Banki betöltés - Törlendõ tételek","Ébredés",3.11666666666667,58,46,4.46666666666667,0.697761194029851
"IL","Banki betöltés - Törlendõ tételek","Egyéb",0.166666666666667,1,1,4.46666666666667,0.0373134328358209
"IL","Banki betöltés - Új indítás","Gyerektev. Zárult",1.85833333333333,8,8,4.46666666666667,0.416044776119403
"IL","Banki betöltés - Új indítás","Kritikus",9.35,3,3,4.46666666666667,2.09328358208955
"IL","Banki betöltés - Új indítás","Normál",2.15833333333333,1042,979,4.46666666666667,0.483208955223881
"IL","Banki betöltés - Új indítás","Szakmai guru",3.81666666666667,21,19,4.46666666666667,0.854477611940298
"IL","Banki betöltés - Új indítás","Ébredés",2.53333333333333,435,324,4.46666666666667,0.567164179104478
"IL","Banki betöltés - Új indítás","Egyéb",0.433333333333333,17,17,4.46666666666667,0.0970149253731343
"IL","Beléptetés UB","Normál",0.658333333333333,2,1,4.46666666666667,0.147388059701493
"IL","Beléptetés UB","Ébredés",44.15,1,1,4.46666666666667,9.88432835820895
"IL","Beléptetés UB","Egyéb",0.733333333333333,2,2,4.46666666666667,0.164179104477612
"IL","Beszedett be nem fizetett díjak követelése","Gyerektev. Zárult",9.35,2,1,4.46666666666667,2.09328358208955
"IL","Beszedett be nem fizetett díjak követelése","Kritikus",3.38333333333333,1,1,4.46666666666667,0.757462686567164
"IL","Beszedett be nem fizetett díjak követelése","Normál",4.01666666666667,4,2,4.46666666666667,0.899253731343284
"IL","Beszedett be nem fizetett díjak követelése","Ébredés",2.425,14,4,4.46666666666667,0.542910447761194
"IL","Csoportos felhatalmazás hibakezelés","Gyerektev. Zárult",0.858333333333333,2,2,4.46666666666667,0.192164179104478
"IL","Csoportos felhatalmazás hibakezelés","Kritikus",3.11666666666667,9,9,4.46666666666667,0.697761194029851
"IL","Csoportos felhatalmazás hibakezelés","Normál",2.225,60,57,4.46666666666667,0.498134328358209
"IL","Csoportos felhatalmazás hibakezelés","Egyéb",0.316666666666667,232,231,4.46666666666667,0.0708955223880597
"IL","Díjbekérõ UB","Kapcsolódó",1.35,7,6,4.46666666666667,0.302238805970149
"IL","Díjbekérõ UB","Normál",2.78333333333333,486,373,4.46666666666667,0.623134328358209
"IL","Díjbekérõ UB","Ébredés",0.983333333333333,55,29,4.46666666666667,0.220149253731343
"IL","Díjbekérõ UB","Egyéb",0.916666666666667,1084,1077,4.46666666666667,0.205223880597015
"IL","Díjkönyvelés UB","Normál",1.65833333333333,6,5,4.46666666666667,0.371268656716418
"IL","Díjkönyvelés UB","Ébredés",2,2,1,4.46666666666667,0.447761194029851
"IL","Díjkönyvelés UB","Egyéb",1.31666666666667,1943,1943,4.46666666666667,0.294776119402985
"IL","E-mailcím kontroll","Gyerektev. Zárult",1.56666666666667,14,14,4.46666666666667,0.350746268656716
"IL","E-mailcím kontroll","KIVKEZ",4.43333333333333,6,4,4.46666666666667,0.992537313432836
"IL","E-mailcím kontroll","Kapcsolódó",5.35,7,7,4.46666666666667,1.19776119402985
"IL","E-mailcím kontroll","Kritikus",1.6,114,107,4.46666666666667,0.358208955223881
"IL","E-mailcím kontroll","Normál",1.3,522,487,4.46666666666667,0.291044776119403
"IL","E-mailcím kontroll","Szakmai guru",15.525,4,4,4.46666666666667,3.47574626865672
"IL","E-mailcím kontroll","Ébredés",2.88333333333333,11,8,4.46666666666667,0.645522388059702
"IL","E-mailcím kontroll","Egyéb",0.483333333333333,66,66,4.46666666666667,0.108208955223881
"IL","Egyedi díjkezelés","Gyerektev. Zárult",1.80833333333333,1862,1393,4.46666666666667,0.404850746268657
"IL","Egyedi díjkezelés","KIVKEZ",2.73333333333333,11,5,4.46666666666667,0.611940298507463
"IL","Egyedi díjkezelés","Kapcsolódó",2.55,161,140,4.46666666666667,0.57089552238806
"IL","Egyedi díjkezelés","Kritikus",1.375,560,361,4.46666666666667,0.307835820895522
"IL","Egyedi díjkezelés","Normál",2.35,12015,10325,4.46666666666667,0.526119402985075
"IL","Egyedi díjkezelés","Szakmai guru",1.10833333333333,6,4,4.46666666666667,0.248134328358209
"IL","Egyedi díjkezelés","Ébredés",1.61666666666667,5537,3606,4.46666666666667,0.361940298507463
"IL","Egyedi díjkezelés","Egyéb",0.6,347,334,4.46666666666667,0.134328358208955
"IL","Egyedi közterület karbantartás","Normál",2.53333333333333,6,4,4.46666666666667,0.567164179104478
"IL","Egyedi közterület karbantartás","Egyéb",0.95,1,1,4.46666666666667,0.212686567164179
"IL","Egyedi szerzõdés rögzítés UB","Normál",1.68333333333333,33,16,4.46666666666667,0.376865671641791
"IL","Egyedi szerzõdés rögzítés UB","Ébredés",2.80833333333333,2,1,4.46666666666667,0.628731343283582
"IL","Egyedi szerzõdés rögzítés UB","Egyéb",2.65,8,8,4.46666666666667,0.593283582089552
"IL","Egyéb ügyintézés UB","Gyerektev. Zárult",1.33333333333333,1,1,4.46666666666667,0.298507462686567
"IL","Egyéb ügyintézés UB","KIVKEZ",2.6,4,3,4.46666666666667,0.582089552238806
"IL","Egyéb ügyintézés UB","Kapcsolódó",1.45833333333333,32,30,4.46666666666667,0.326492537313433
"IL","Egyéb ügyintézés UB","Kritikus",2.95,3,3,4.46666666666667,0.66044776119403
"IL","Egyéb ügyintézés UB","Normál",1.46666666666667,2551,1692,4.46666666666667,0.328358208955224
"IL","Egyéb ügyintézés UB","Ébredés",1.65,312,176,4.46666666666667,0.369402985074627
"IL","Egyéb ügyintézés UB","Egyéb",0.183333333333333,173,168,4.46666666666667,0.041044776119403
"IL","Egészségügyi tevékenységi elõzetes elbírálás","Gyerektev. Zárult",1.05,3,3,4.46666666666667,0.235074626865672
"IL","Egészségügyi tevékenységi elõzetes elbírálás","KIVKEZ",5.35,3,1,4.46666666666667,1.19776119402985
"IL","Egészségügyi tevékenységi elõzetes elbírálás","Kapcsolódó",24.3333333333333,1,1,4.46666666666667,5.44776119402985
"IL","Egészségügyi tevékenységi elõzetes elbírálás","Normál",2.775,234,94,4.46666666666667,0.621268656716418
"IL","Egészségügyi tevékenységi elõzetes elbírálás","Ébredés",2.59166666666667,12,7,4.46666666666667,0.580223880597015
"IL","Egészségügyi tevékenységi elõzetes elbírálás","Egyéb",0.758333333333333,94,46,4.46666666666667,0.169776119402985
"IL","Elõzetes elbírálás L","KIVKEZ",1.775,2,1,4.46666666666667,0.397388059701492
"IL","Elõzetes elbírálás L","Kapcsolódó",1.2,3,3,4.46666666666667,0.26865671641791
"IL","Elõzetes elbírálás L","Kritikus",22.65,2,2,4.46666666666667,5.07089552238806
"IL","Elõzetes elbírálás L","Normál",3.2,134,64,4.46666666666667,0.716417910447761
"IL","Elõzetes elbírálás L","Ébredés",3.11666666666667,3,3,4.46666666666667,0.697761194029851
"IL","Elõzetes elbírálás L","Egyéb",3.425,40,25,4.46666666666667,0.766791044776119
"IL","FUFI nyilatkozat kezelés","Kritikus",3.83333333333333,3,2,4.46666666666667,0.858208955223881
"IL","FUFI nyilatkozat kezelés","Normál",1.53333333333333,15,11,4.46666666666667,0.343283582089552
"IL","FUFI nyilatkozat kezelés","Szakmai guru",6.18333333333333,2,2,4.46666666666667,1.38432835820896
"IL","Felhasználó létrehozás UB","Normál",0.6,1,1,4.46666666666667,0.134328358208955
"IL","Felhasználó létrehozás UB","Ébredés",14,1,1,4.46666666666667,3.13432835820895
"IL","Felhasználó megszüntetés UB","Normál",0.783333333333333,278,278,4.46666666666667,0.175373134328358
"IL","Flotta díjkezelés","Egyéb",1.51666666666667,1,1,4.46666666666667,0.33955223880597
"IL","Flotta számviteli bizonylat","Gyerektev. Zárult",0.816666666666667,5,1,4.46666666666667,0.182835820895522
"IL","Jutalék iratelõkészítés","Gyerektev. Zárult",0.783333333333333,1,1,4.46666666666667,0.175373134328358
"IL","Jutalék iratelõkészítés","Kritikus",2.80833333333333,18,9,4.46666666666667,0.628731343283582
"IL","Jutalék iratelõkészítés","Normál",2.06666666666667,50,30,4.46666666666667,0.462686567164179
"IL","Jutalék iratelõkészítés","Ébredés",0.366666666666667,1,1,4.46666666666667,0.082089552238806
"IL","Jutalék iratelõkészítés","Egyéb",1.61666666666667,21,18,4.46666666666667,0.361940298507463
"IL","Jutalékreklamáció UB","Normál",4.68333333333333,19,16,4.46666666666667,1.04850746268657
"IL","KTI OUT beléptetés","Egyéb",0.925,2,2,4.46666666666667,0.207089552238806
"IL","Kihívás pénzügy reaktiválás","Normál",8.23333333333333,2,2,4.46666666666667,1.84328358208955
"IL","Kimenõ díj szakmai utalványozás","Egyéb",0.733333333333333,1,1,4.46666666666667,0.164179104477612
"IL","KÁNYA társbiztosító válasz","Gyerektev. Zárult",1.31666666666667,2,2,4.46666666666667,0.294776119402985
"IL","KÁNYA társbiztosító válasz","Kapcsolódó",0.875,2,2,4.46666666666667,0.19589552238806
"IL","KÁNYA társbiztosító válasz","Kritikus",2.125,2,2,4.46666666666667,0.475746268656716
"IL","KÁNYA társbiztosító válasz","Normál",1.63333333333333,23,15,4.46666666666667,0.365671641791045
"IL","KÁNYA társbiztosító válasz","Ébredés",2.94166666666667,124,84,4.46666666666667,0.658582089552239
"IL","KÁNYA társbiztosító válasz","Egyéb",3.26666666666667,96,93,4.46666666666667,0.73134328358209
"IL","KÜT ügyfélmódosítás","Gyerektev. Zárult",1.80833333333333,18,17,4.46666666666667,0.404850746268657
"IL","KÜT ügyfélmódosítás","KIVKEZ",2.24166666666667,2,2,4.46666666666667,0.501865671641791
"IL","KÜT ügyfélmódosítás","Kapcsolódó",4.78333333333333,4,4,4.46666666666667,1.07089552238806
"IL","KÜT ügyfélmódosítás","Kritikus",2.33333333333333,15,12,4.46666666666667,0.522388059701493
"IL","KÜT ügyfélmódosítás","Normál",1.83333333333333,4572,4447,4.46666666666667,0.41044776119403
"IL","KÜT ügyfélmódosítás","Reponálás",5.55,6,6,4.46666666666667,1.24253731343284
"IL","KÜT ügyfélmódosítás","Szakmai guru",16.3333333333333,3,3,4.46666666666667,3.65671641791045
"IL","KÜT ügyfélmódosítás","Ébredés",3.35,22,15,4.46666666666667,0.75
"IL","KÜT ügyfélmódosítás","Egyéb",0.666666666666667,169,168,4.46666666666667,0.149253731343284
"IL","Kártörténeti hiba","Gyerektev. Zárult",2.16666666666667,3,3,4.46666666666667,0.485074626865672
"IL","Kártörténeti hiba","Kapcsolódó",0.625,2,2,4.46666666666667,0.139925373134328
"IL","Kártörténeti hiba","Kritikus",2.49166666666667,202,196,4.46666666666667,0.557835820895522
"IL","Kártörténeti hiba","Normál",2.73333333333333,141,122,4.46666666666667,0.611940298507463
"IL","Kártörténeti hiba","Szakmai guru",26.7833333333333,1,1,4.46666666666667,5.99626865671642
"IL","Kártörténeti hiba","Ébredés",2.05833333333333,212,83,4.46666666666667,0.460820895522388
"IL","Kártörténeti hiba","Egyéb",0.216666666666667,10,3,4.46666666666667,0.0485074626865672
"IL","Kölcsön szakmai utalványozás","Gyerektev. Zárult",0.216666666666667,1,1,4.46666666666667,0.0485074626865672
"IL","Kölcsön szakmai utalványozás","Kritikus",3.075,6,3,4.46666666666667,0.688432835820896
"IL","Kölcsön szakmai utalványozás","Normál",0.566666666666667,212,84,4.46666666666667,0.126865671641791
"IL","Kölcsön szakmai utalványozás","Ébredés",2.73333333333333,14,8,4.46666666666667,0.611940298507463
"IL","Kölcsön szakmai utalványozás","Egyéb",0.566666666666667,4,2,4.46666666666667,0.126865671641791
"IL","Kölcsön számfejtés","Gyerektev. Zárult",0.25,6,5,4.46666666666667,0.0559701492537313
"IL","Kölcsön számfejtés","Kapcsolódó",2.73333333333333,2,1,4.46666666666667,0.611940298507463
"IL","Kölcsön számfejtés","Kritikus",6.76666666666667,2,2,4.46666666666667,1.51492537313433
"IL","Kölcsön számfejtés","Normál",1.03333333333333,153,83,4.46666666666667,0.23134328358209
"IL","Kölcsön számfejtés","Ébredés",2.79166666666667,10,7,4.46666666666667,0.625
"IL","Kölcsön állománykezelés","Gyerektev. Zárult",2.075,6,6,4.46666666666667,0.46455223880597
"IL","Kölcsön állománykezelés","Kritikus",0.566666666666667,3,1,4.46666666666667,0.126865671641791
"IL","Kölcsön állománykezelés","Normál",2.05,37,19,4.46666666666667,0.458955223880597
"IL","Kölcsön állománykezelés","Ébredés",6.65,1,1,4.46666666666667,1.48880597014925
"IL","Kötvény","Kritikus",1.63333333333333,3,3,4.46666666666667,0.365671641791045
"IL","Kötvény","Normál",2.01666666666667,27,23,4.46666666666667,0.451492537313433
"IL","Kötvény","Ébredés",4.725,2,1,4.46666666666667,1.05783582089552
"IL","Kötvény","Egyéb",40.3666666666667,1,1,4.46666666666667,9.03731343283582
"IL","Kötvény újraküldés","Gyerektev. Zárult",2.65,1,1,4.46666666666667,0.593283582089552
"IL","Kötvény újraküldés","Kritikus",3.76666666666667,1,1,4.46666666666667,0.843283582089552
"IL","Kötvény újraküldés","Normál",2.05,25,25,4.46666666666667,0.458955223880597
"IL","Kötvény újraküldés","Ébredés",1.46666666666667,3,1,4.46666666666667,0.328358208955224
"IL","Kötvény újraküldés","Egyéb",0.841666666666667,2,2,4.46666666666667,0.188432835820896
"IL","Kötvényellenõrzés nem élet","Kritikus",5.65833333333333,850,845,4.46666666666667,1.26679104477612
"IL","Kötvényellenõrzés nem élet","Normál",5.7,2054,2029,4.46666666666667,1.27611940298507
"IL","Kötvényellenõrzés nem élet","Egyéb",9.075,186,184,4.46666666666667,2.03171641791045
"IL","Kötvényellenõrzés élet","Kritikus",6.51666666666667,113,113,4.46666666666667,1.4589552238806
"IL","Kötvényellenõrzés élet","Normál",6.25,494,488,4.46666666666667,1.39925373134328
"IL","Kötvényellenõrzés élet","Ébredés",1.2,5,3,4.46666666666667,0.26865671641791
"IL","Kötvényellenõrzés élet","Egyéb",0.383333333333333,69,68,4.46666666666667,0.0858208955223881
"IL","Közlési kötelezettségsértés","Gyerektev. Zárult",1.3,65,43,4.46666666666667,0.291044776119403
"IL","Közlési kötelezettségsértés","KIVKEZ",6.45,1,1,4.46666666666667,1.44402985074627
"IL","Közlési kötelezettségsértés","Kapcsolódó",0.75,3,3,4.46666666666667,0.167910447761194
"IL","Közlési kötelezettségsértés","Kritikus",4.8,27,13,4.46666666666667,1.07462686567164
"IL","Közlési kötelezettségsértés","Normál",2.99166666666667,188,88,4.46666666666667,0.669776119402985
"IL","Közlési kötelezettségsértés","Ébredés",2.65833333333333,48,25,4.46666666666667,0.595149253731343
"IL","Közlési kötelezettségsértés","Egyéb",1.36666666666667,9,9,4.46666666666667,0.305970149253731
"IL","Külföldi elõzetes elbírálás","Kapcsolódó",5.91666666666667,3,2,4.46666666666667,1.32462686567164
"IL","Külföldi elõzetes elbírálás","Kritikus",3.225,8,1,4.46666666666667,0.722014925373134
"IL","Külföldi elõzetes elbírálás","Normál",2.7,21,10,4.46666666666667,0.604477611940298
"IL","Külföldi elõzetes elbírálás","Ébredés",6.575,2,2,4.46666666666667,1.47201492537313
"IL","Külföldi elõzetes elbírálás","Egyéb",3.03333333333333,3,2,4.46666666666667,0.67910447761194
"IL","Nyilatkozat kezelés","Kritikus",4.41666666666667,5,4,4.46666666666667,0.988805970149254
"IL","Nyilatkozat kezelés","Normál",3.075,30,27,4.46666666666667,0.688432835820896
"IL","Nyilatkozat kezelés","Szakmai guru",3.20833333333333,2,2,4.46666666666667,0.718283582089552
"IL","Nyilatkozat kezelés","Ébredés",4.38333333333333,2,2,4.46666666666667,0.98134328358209
"IL","Nyilatkozat kezelés","Egyéb",0.95,9,4,4.46666666666667,0.212686567164179
"IL","Orvosi irat - egyéb","Gyerektev. Zárult",1.08333333333333,17,12,4.46666666666667,0.242537313432836
"IL","Orvosi irat - egyéb","Kapcsolódó",2.6,15,10,4.46666666666667,0.582089552238806
"IL","Orvosi irat - egyéb","Kritikus",2.93333333333333,8,6,4.46666666666667,0.656716417910448
"IL","Orvosi irat - egyéb","Normál",1.23333333333333,787,550,4.46666666666667,0.276119402985075
"IL","Orvosi irat - egyéb","Ébredés",2,45,17,4.46666666666667,0.447761194029851
"IL","Orvosi irat - egyéb","Egyéb",0.416666666666667,36,28,4.46666666666667,0.0932835820895522
"IL","Orvosi vizsgálati eredmény","Gyerektev. Zárult",4.28333333333333,2,2,4.46666666666667,0.958955223880597
"IL","Orvosi vizsgálati eredmény","KIVKEZ",6.49166666666667,2,1,4.46666666666667,1.45335820895522
"IL","Orvosi vizsgálati eredmény","Kritikus",6.65833333333333,2,1,4.46666666666667,1.49067164179104
"IL","Orvosi vizsgálati eredmény","Normál",1.7,1414,1145,4.46666666666667,0.380597014925373
"IL","Orvosi vizsgálati eredmény","Ébredés",1.81666666666667,12,10,4.46666666666667,0.406716417910448
"IL","Orvosi vizsgálati eredmény","Egyéb",1.41666666666667,133,120,4.46666666666667,0.317164179104478
"IL","PEP nyilatkozat","Normál",2.35,15,14,4.46666666666667,0.526119402985075
"IL","POS bizonylat azonosítás","Normál",1.10833333333333,2,2,4.46666666666667,0.248134328358209
"IL","POS bizonylat azonosítás","Ébredés",1.7,1,1,4.46666666666667,0.380597014925373
"IL","POS bizonylat azonosítás","Egyéb",25.375,30,29,4.46666666666667,5.68097014925373
"IL","PSM csekklap azonosítás","Gyerektev. Zárult",2.13333333333333,29,25,4.46666666666667,0.477611940298507
"IL","PSM csekklap azonosítás","Kritikus",2.20833333333333,8,3,4.46666666666667,0.494402985074627
"IL","PSM csekklap azonosítás","Normál",1.25,13529,13469,4.46666666666667,0.279850746268657
"IL","PSM csekklap azonosítás","Ébredés",2,1244,828,4.46666666666667,0.447761194029851
"IL","PSM csekklap azonosítás","Egyéb",0.816666666666667,175,174,4.46666666666667,0.182835820895522
"IL","PSM csekktömb azonosítás","Gyerektev. Zárult",3.525,4,4,4.46666666666667,0.789179104477612
"IL","PSM csekktömb azonosítás","Normál",1,21287,21267,4.46666666666667,0.223880597014925
"IL","PSM csekktömb azonosítás","Ébredés",2.65,31,31,4.46666666666667,0.593283582089552
"IL","PSM csekktömb azonosítás","Egyéb",3.65833333333333,24,24,4.46666666666667,0.819029850746269
"IL","Panasz","Gyerektev. Zárult",4.3,5,4,4.46666666666667,0.962686567164179
"IL","Panasz","Kritikus",3.00833333333333,4,2,4.46666666666667,0.673507462686567
"IL","Panasz","Normál",5.3,48,25,4.46666666666667,1.1865671641791
"IL","Panasz","Szakmai guru",4.94166666666667,6,4,4.46666666666667,1.10634328358209
"IL","Panasz","Ébredés",0.433333333333333,3,2,4.46666666666667,0.0970149253731343
"IL","Panasz","Egyéb",6.81666666666667,3,3,4.46666666666667,1.52611940298507
"IL","Partneradat módosítás UB","Normál",3.05,47,41,4.46666666666667,0.682835820895522
"IL","Partneradat módosítás UB","Ébredés",3.68333333333333,2,2,4.46666666666667,0.824626865671642
"IL","Partneradat módosítás UB","Egyéb",0.258333333333333,14,14,4.46666666666667,0.0578358208955224
"IL","Programhiba bejelentés","Gyerektev. Zárult",0.583333333333333,2,2,4.46666666666667,0.130597014925373
"IL","Programhiba bejelentés","KIVKEZ",1.61666666666667,66,45,4.46666666666667,0.361940298507463
"IL","Programhiba bejelentés","Kapcsolódó",1.11666666666667,61,49,4.46666666666667,0.25
"IL","Programhiba bejelentés","Kritikus",1.23333333333333,11,6,4.46666666666667,0.276119402985075
"IL","Programhiba bejelentés","Normál",1.34166666666667,86,64,4.46666666666667,0.300373134328358
"IL","Programhiba bejelentés","Reponálás",1.66666666666667,248,123,4.46666666666667,0.373134328358209
"IL","Programhiba bejelentés","Szakmai guru",1.1,9,6,4.46666666666667,0.246268656716418
"IL","Programhiba bejelentés","ujbelepok_elore",0.616666666666667,6,3,4.46666666666667,0.138059701492537
"IL","Programhiba bejelentés","Ébredés",0.983333333333333,38,23,4.46666666666667,0.220149253731343
"IL","Programhiba bejelentés","Egyéb",0.383333333333333,147,143,4.46666666666667,0.0858208955223881
"IL","Programhiba bejelentés KÜT","Kritikus",1.66666666666667,1,1,4.46666666666667,0.373134328358209
"IL","Programhiba bejelentés KÜT","Normál",0.966666666666667,4,3,4.46666666666667,0.216417910447761
"IL","Programhiba bejelentés KÜT","Reponálás",3.65833333333333,2,1,4.46666666666667,0.819029850746269
"IL","Programhiba bejelentés KÜT","ujbelepok_elore",0.15,1,1,4.46666666666667,0.0335820895522388
"IL","Programhiba bejelentés KÜT","Egyéb",0.183333333333333,23,21,4.46666666666667,0.041044776119403
"IL","Pénzügyi elõzetes elbírálás","Kapcsolódó",8.26666666666667,4,2,4.46666666666667,1.85074626865672
"IL","Pénzügyi elõzetes elbírálás","Normál",5.6,7,2,4.46666666666667,1.25373134328358
"IL","Pénzügyi elõzetes elbírálás","Ébredés",3.7,1,1,4.46666666666667,0.828358208955224
"IL","Pénzügyi elõzetes elbírálás","Egyéb",3.26666666666667,3,1,4.46666666666667,0.73134328358209
"IL","Reaktiválás","Gyerektev. Zárult",4.58333333333333,39,26,4.46666666666667,1.02611940298507
"IL","Reaktiválás","KIVKEZ",3.13333333333333,13,6,4.46666666666667,0.701492537313433
"IL","Reaktiválás","Kapcsolódó",5.63333333333333,51,42,4.46666666666667,1.26119402985075
"IL","Reaktiválás","Kritikus",4.88333333333333,133,89,4.46666666666667,1.09328358208955
"IL","Reaktiválás","Normál",3.41666666666667,549,331,4.46666666666667,0.764925373134328
"IL","Reaktiválás","Szakmai guru",9.53333333333333,30,24,4.46666666666667,2.13432835820895
"IL","Reaktiválás","Ébredés",3.7,137,78,4.46666666666667,0.828358208955224
"IL","Reaktiválás","Egyéb",2.88333333333333,37,33,4.46666666666667,0.645522388059702
"IL","Storno Aj. újrarögzítés","Kritikus",1.65,7,5,4.46666666666667,0.369402985074627
"IL","Storno Aj. újrarögzítés","Normál",1.85,13,8,4.46666666666667,0.414179104477612
"IL","Storno Aj. újrarögzítés","Egyéb",14.925,246,241,4.46666666666667,3.34141791044776
"IL","Stornó","Gyerektev. Zárult",4.725,446,360,4.46666666666667,1.05783582089552
"IL","Stornó","KIVKEZ",10.075,46,34,4.46666666666667,2.25559701492537
"IL","Stornó","Kapcsolódó",9.09166666666667,278,259,4.46666666666667,2.03544776119403
"IL","Stornó","Kritikus",6.03333333333333,1536,1135,4.46666666666667,1.35074626865672
"IL","Stornó","Normál",5.38333333333333,4077,2868,4.46666666666667,1.20522388059702
"IL","Stornó","Szakmai guru",8.94166666666667,78,60,4.46666666666667,2.00186567164179
"IL","Stornó","Ébredés",4.65,1000,688,4.46666666666667,1.0410447761194
"IL","Stornó","Egyéb",1.75,1055,976,4.46666666666667,0.391791044776119
"IL","Stornó Élet","Gyerektev. Zárult",1.33333333333333,38,29,4.46666666666667,0.298507462686567
"IL","Stornó Élet","KIVKEZ",6.23333333333333,16,6,4.46666666666667,1.3955223880597
"IL","Stornó Élet","Kapcsolódó",10.5833333333333,5,5,4.46666666666667,2.36940298507463
"IL","Stornó Élet","Kritikus",3.45,165,89,4.46666666666667,0.772388059701493
"IL","Stornó Élet","Normál",3.31666666666667,415,218,4.46666666666667,0.742537313432836
"IL","Stornó Élet","Szakmai guru",4.61666666666667,13,10,4.46666666666667,1.03358208955224
"IL","Stornó Élet","Ébredés",3.8,70,38,4.46666666666667,0.850746268656716
"IL","Stornó Élet","Egyéb",4.54166666666667,262,204,4.46666666666667,1.01679104477612
"IL","Szerzõdésmódosítás UB","KIVKEZ",3.66666666666667,3,1,4.46666666666667,0.82089552238806
"IL","Szerzõdésmódosítás UB","Kapcsolódó",2.06666666666667,2,2,4.46666666666667,0.462686567164179
"IL","Szerzõdésmódosítás UB","Kritikus",4.31666666666667,1,1,4.46666666666667,0.966417910447761
"IL","Szerzõdésmódosítás UB","Normál",3.98333333333333,1241,1028,4.46666666666667,0.891791044776119
"IL","Szerzõdésmódosítás UB","Ébredés",4.64166666666667,78,53,4.46666666666667,1.03917910447761
"IL","Szerzõdésmódosítás UB","Egyéb",0.225,62,62,4.46666666666667,0.0503731343283582
"IL","Számviteli bizonylat kiállítás","Gyerektev. Zárult",0.316666666666667,259,248,4.46666666666667,0.0708955223880597
"IL","Számviteli bizonylat kiállítás","KIVKEZ",3.875,4,2,4.46666666666667,0.867537313432836
"IL","Számviteli bizonylat kiállítás","Kapcsolódó",8.20833333333333,6,6,4.46666666666667,1.83768656716418
"IL","Számviteli bizonylat kiállítás","Kritikus",0.366666666666667,25,20,4.46666666666667,0.082089552238806
"IL","Számviteli bizonylat kiállítás","Normál",2.16666666666667,2611,1365,4.46666666666667,0.485074626865672
"IL","Számviteli bizonylat kiállítás","Szakmai guru",4.21666666666667,1,1,4.46666666666667,0.944029850746269
"IL","Számviteli bizonylat kiállítás","Ébredés",3.46666666666667,103,66,4.46666666666667,0.776119402985075
"IL","Számviteli bizonylat kiállítás","Egyéb",2.43333333333333,19,19,4.46666666666667,0.544776119402985
"IL","Számviteli bizonylat stornó","Gyerektev. Zárult",0.266666666666667,1,1,4.46666666666667,0.0597014925373134
"IL","Számviteli bizonylat stornó","Normál",2.5,16,10,4.46666666666667,0.559701492537313
"IL","Számviteli bizonylat stornó","Egyéb",0.416666666666667,1,1,4.46666666666667,0.0932835820895522
"IL","Számviteli bizonylat tájékoztatás","Gyerektev. Zárult",4.3,1,1,4.46666666666667,0.962686567164179
"IL","Számviteli bizonylat tájékoztatás","Normál",0.95,31,24,4.46666666666667,0.212686567164179
"IL","Szárazvér eredmény","Gyerektev. Zárult",1.2,1,1,4.46666666666667,0.26865671641791
"IL","Szárazvér eredmény","Kapcsolódó",8.76666666666667,5,3,4.46666666666667,1.96268656716418
"IL","Szárazvér eredmény","Kritikus",1.53333333333333,4,3,4.46666666666667,0.343283582089552
"IL","Szárazvér eredmény","Normál",1.76666666666667,9,4,4.46666666666667,0.395522388059701
"IL","Szárazvér eredmény","Ébredés",1.15,15,9,4.46666666666667,0.257462686567164
"IL","Szárazvér eredmény","Egyéb",0.05,684,672,4.46666666666667,0.0111940298507463
"IL","Továbbítandó kárbejelentés UB","Gyerektev. Zárult",1.35,1,1,4.46666666666667,0.302238805970149
"IL","Továbbítandó kárbejelentés UB","Kapcsolódó",0.766666666666667,1,1,4.46666666666667,0.171641791044776
"IL","Továbbítandó kárbejelentés UB","Kritikus",3.01666666666667,3,3,4.46666666666667,0.675373134328358
"IL","Továbbítandó kárbejelentés UB","Normál",1.90833333333333,154,140,4.46666666666667,0.427238805970149
"IL","Továbbítandó kárbejelentés UB","Ébredés",2.95833333333333,2,2,4.46666666666667,0.662313432835821
"IL","Továbbítandó kárbejelentés UB","Egyéb",1.01666666666667,3,3,4.46666666666667,0.227611940298507
"IL","Tévesen kifizetett díjak követelése","Gyerektev. Zárult",1.33333333333333,20,7,4.46666666666667,0.298507462686567
"IL","Tévesen kifizetett díjak követelése","Kapcsolódó",6.5,1,1,4.46666666666667,1.45522388059701
"IL","Tévesen kifizetett díjak követelése","Kritikus",4.4,5,4,4.46666666666667,0.985074626865672
"IL","Tévesen kifizetett díjak követelése","Normál",4.3,51,34,4.46666666666667,0.962686567164179
"IL","Tévesen kifizetett díjak követelése","Ébredés",0.975,12,8,4.46666666666667,0.218283582089552
"IL","Tévesen kifizetett díjak követelése","Egyéb",0.566666666666667,7,5,4.46666666666667,0.126865671641791
"IL","Törlés","Gyerektev. Zárult",5.26666666666667,8,8,4.46666666666667,1.17910447761194
"IL","Törlés","Kapcsolódó",3.8,3,2,4.46666666666667,0.850746268656716
"IL","Törlés","Kritikus",2.45,45,25,4.46666666666667,0.548507462686567
"IL","Törlés","Normál",2.55833333333333,316,216,4.46666666666667,0.572761194029851
"IL","Törlés","Szakmai guru",4.24166666666667,6,5,4.46666666666667,0.949626865671642
"IL","Törlés","Ébredés",1.8,61,35,4.46666666666667,0.402985074626866
"IL","Törlés","Egyéb",0.741666666666667,70,64,4.46666666666667,0.166044776119403
"IL","Törlés UB","Gyerektev. Zárult",4.86666666666667,1,1,4.46666666666667,1.08955223880597
"IL","Törlés UB","Kritikus",0.7,2,2,4.46666666666667,0.156716417910448
"IL","Törlés UB","Normál",3.04166666666667,298,245,4.46666666666667,0.680970149253731
"IL","Törlés UB","Ébredés",1.60833333333333,64,30,4.46666666666667,0.360074626865672
"IL","Törlés UB","Egyéb",1.45,133,133,4.46666666666667,0.324626865671642
"IL","Utólagos kockázatelbírálás","Gyerektev. Zárult",1.1,49,36,4.46666666666667,0.246268656716418
"IL","Utólagos kockázatelbírálás","KIVKEZ",0.933333333333333,3,1,4.46666666666667,0.208955223880597
"IL","Utólagos kockázatelbírálás","Kapcsolódó",1.26666666666667,18,10,4.46666666666667,0.283582089552239
"IL","Utólagos kockázatelbírálás","Kritikus",3.96666666666667,27,14,4.46666666666667,0.888059701492537
"IL","Utólagos kockázatelbírálás","Normál",2.7,471,200,4.46666666666667,0.604477611940298
"IL","Utólagos kockázatelbírálás","Szakmai guru",5.40833333333333,6,6,4.46666666666667,1.21082089552239
"IL","Utólagos kockázatelbírálás","Ébredés",1.88333333333333,49,29,4.46666666666667,0.421641791044776
"IL","Utólagos kockázatelbírálás","Egyéb",6.8,50,36,4.46666666666667,1.52238805970149
"IL","Vezetõi kiemelt ügyintézés","Normál",2.35833333333333,2,1,4.46666666666667,0.527985074626866
"IL","Visszaérkezett kötvény kivizsgálás","Kritikus",2.95,17,16,4.46666666666667,0.66044776119403
"IL","Visszaérkezett kötvény kivizsgálás","Normál",1.88333333333333,25,23,4.46666666666667,0.421641791044776
"IL","Visszaérkezett kötvény kivizsgálás","Ébredés",1.25,1,1,4.46666666666667,0.279850746268657
"IL","Visszaérkezett kötvény kivizsgálás","Egyéb",0.3,649,641,4.46666666666667,0.0671641791044776
"IL","afc_Feldolgozandó","Gyerektev. Zárult",4,35,35,4.46666666666667,0.895522388059702
"IL","afc_Feldolgozandó","Kapcsolódó",4.8,8,8,4.46666666666667,1.07462686567164
"IL","afc_Feldolgozandó","Kritikus",4.96666666666667,149,125,4.46666666666667,1.11194029850746
"IL","afc_Feldolgozandó","Normál",2.91666666666667,773,632,4.46666666666667,0.652985074626866
"IL","afc_Feldolgozandó","Reponálás",2.625,2,2,4.46666666666667,0.587686567164179
"IL","afc_Feldolgozandó","Szakmai guru",6.61666666666667,10,9,4.46666666666667,1.48134328358209
"IL","afc_Feldolgozandó","Ébredés",4.05,58,29,4.46666666666667,0.906716417910448
"IL","afc_Feldolgozandó","Egyéb",0.216666666666667,1814,1798,4.46666666666667,0.0485074626865672
"IL","Át nem vett kötvény rögzítés UB","Kapcsolódó",1.03333333333333,1,1,4.46666666666667,0.23134328358209
"IL","Át nem vett kötvény rögzítés UB","Normál",13.3583333333333,30,26,4.46666666666667,2.99067164179104
"IL","Át nem vett kötvény rögzítés UB","Egyéb",0.0666666666666667,1,1,4.46666666666667,0.0149253731343284
"IL","Átdolgozás elõkészítés","Gyerektev. Zárult",5.31666666666667,14,14,4.46666666666667,1.19029850746269
"IL","Átdolgozás elõkészítés","KIVKEZ",11.8916666666667,2,2,4.46666666666667,2.66231343283582
"IL","Átdolgozás elõkészítés","Kapcsolódó",5.38333333333333,1,1,4.46666666666667,1.20522388059702
"IL","Átdolgozás elõkészítés","Kritikus",10.7,5,5,4.46666666666667,2.3955223880597
"IL","Átdolgozás elõkészítés","Normál",3.21666666666667,2564,2480,4.46666666666667,0.720149253731343
"IL","Átdolgozás elõkészítés","Szakmai guru",9.58333333333333,1,1,4.46666666666667,2.1455223880597
"IL","Átdolgozás elõkészítés","Ébredés",8.13333333333333,7,7,4.46666666666667,1.82089552238806
"IL","Átdolgozás elõkészítés","Egyéb",0.983333333333333,9,9,4.46666666666667,0.220149253731343
"IL","Érvénytelenítés","Gyerektev. Zárult",23.4666666666667,3,3,4.46666666666667,5.25373134328358
"IL","Érvénytelenítés","Kapcsolódó",7.90833333333333,4,4,4.46666666666667,1.7705223880597
"IL","Érvénytelenítés","Kritikus",7.4,3,2,4.46666666666667,1.65671641791045
"IL","Érvénytelenítés","Normál",5.06666666666667,16,12,4.46666666666667,1.13432835820896
"IL","Érvénytelenítés","Szakmai guru",6.33333333333333,1,1,4.46666666666667,1.41791044776119
"IL","Érvénytelenítés","Ébredés",9.64166666666667,8,5,4.46666666666667,2.15858208955224
"IL","Érvénytelenítés","Egyéb",0.116666666666667,1,1,4.46666666666667,0.0261194029850746
"IL","Ügyfél egészségi nyilatkozat","Gyerektev. Zárult",4.04166666666667,2,1,4.46666666666667,0.904850746268657
"IL","Ügyfél egészségi nyilatkozat","KIVKEZ",2.3,1,1,4.46666666666667,0.514925373134328
"IL","Ügyfél egészségi nyilatkozat","Kapcsolódó",0.05,1,1,4.46666666666667,0.0111940298507463
"IL","Ügyfél egészségi nyilatkozat","Normál",1.05,376,302,4.46666666666667,0.235074626865672
"IL","Ügyfél egészségi nyilatkozat","Szakmai guru",4.36666666666667,3,3,4.46666666666667,0.977611940298507
"IL","Ügyfél egészségi nyilatkozat","Ébredés",3.81666666666667,2,2,4.46666666666667,0.854477611940298
"IL","Ügyfél egészségi nyilatkozat","Egyéb",0.116666666666667,2,2,4.46666666666667,0.0261194029850746
"IL","Üzleti PKR üzenet","Gyerektev. Zárult",3.14166666666667,20,17,4.46666666666667,0.703358208955224
"IL","Üzleti PKR üzenet","KIVKEZ",3.75,171,146,4.46666666666667,0.83955223880597
"IL","Üzleti PKR üzenet","Kapcsolódó",5.6,31,24,4.46666666666667,1.25373134328358
"IL","Üzleti PKR üzenet","Kritikus",3.76666666666667,27,24,4.46666666666667,0.843283582089552
"IL","Üzleti PKR üzenet","Normál",4.39166666666667,1672,1500,4.46666666666667,0.983208955223881
"IL","Üzleti PKR üzenet","Szakmai guru",9.3,2,2,4.46666666666667,2.08208955223881
"IL","Üzleti PKR üzenet","Ébredés",2.99166666666667,282,209,4.46666666666667,0.669776119402985
"IL","Üzleti PKR üzenet","Egyéb",3.6,335,330,4.46666666666667,0.805970149253731
"IL","Üzleti e-mail","Gyerektev. Zárult",8.1,7,6,4.46666666666667,1.8134328358209
"IL","Üzleti e-mail","Kapcsolódó",7.69166666666667,4,3,4.46666666666667,1.72201492537313
"IL","Üzleti e-mail","Kritikus",7.13333333333333,15,13,4.46666666666667,1.59701492537313
"IL","Üzleti e-mail","Normál",2.8,182,96,4.46666666666667,0.626865671641791
"IL","Üzleti e-mail","Szakmai guru",4.51666666666667,1,1,4.46666666666667,1.01119402985075
"IL","Üzleti e-mail","Ébredés",4.34166666666667,16,5,4.46666666666667,0.972014925373134
"IL","Üzleti e-mail","Egyéb",4.55,3,3,4.46666666666667,1.01865671641791
"IL","Üzleti vonal bejövõ hívás","Gyerektev. Zárult",0.158333333333333,2,2,4.46666666666667,0.0354477611940298
"IL","Üzleti vonal bejövõ hívás","Normál",2.11666666666667,8,8,4.46666666666667,0.473880597014925
"IL","Üzleti vonal bejövõ hívás","Egyéb",0.4,385,383,4.46666666666667,0.0895522388059702
"IFI","IFI díjazonosítás","szla:109180010000000211800053",0.366666666666667,234,234,4.46666666666667,0.082089552238806
"IFI","IFI díjazonosítás","szla:1170711020003263",0.7,112,112,4.46666666666667,0.156716417910448
"IFI","IFI díjazonosítás","szla:1174200120056814",0.0166666666666667,4786,4786,4.46666666666667,0.0037313432835821
"IFI","IFI díjazonosítás","szla:120010080012158700100007",0.366666666666667,4925,4925,4.46666666666667,0.082089552238806
"IFI","IFI díjazonosítás","szla:120010080012159000100001",0.416666666666667,1848,1848,4.46666666666667,0.0932835820895523
"IFI","IFI díjazonosítás","szla:120010080014820400100000",0.366666666666667,605,605,4.46666666666667,0.082089552238806
"IFI","IFI díjazonosítás","szla:120010080016508000100009",0.9,18,18,4.46666666666667,0.201492537313433
"IFI","IFI díjazonosítás","szla:120010080016509600100000",0.316666666666667,19,19,4.46666666666667,0.0708955223880598
"IFI","IFI díjazonosítás","szla:120010080019012700100005",0.466666666666667,891,891,4.46666666666667,0.104477611940299
"IFI","IFI díjazonosítás","szla:120010080020583500100006",0.283333333333333,546,546,4.46666666666667,0.0634328358208954
"IFI","IFI díjazonosítás","szla:120010080031242100100004",0.283333333333333,93224,93224,4.46666666666667,0.0634328358208954
"IFI","IFI díjazonosítás","szla:120010080031243200100000",0.3,251,251,4.46666666666667,0.0671641791044776
"IFI","IFI díjazonosítás","szla:120010080031244300100006",0.25,5222,5222,4.46666666666667,0.0559701492537313
